,,,,,,,,,,,,"?",,"Holman","?","?","?","?",,,"?",,,,,"?","?","?","?","?","?","Clyde River",,,,,,,,,"Ritenbenck","?","?","?","?","?","?",,"Daneborg",,,,,,,"Olonkinbyen",,,,,,,,,,,,,,,,,,,,,,,,,,,,,,,,,,,,,,,,"Lagerny","Krestovaya Guba","?","Arkhangelskoye","Mys Zhelaniya",,,,,,,,,,,,,,,,,,,,,,,,,,,,,,,"Kotel'niy",,"?",,,,,,,,,,,,,,,,
,,,,,,,,,,,,,,,,"?","?","?","?",,"Gjoa Haven",,"?",,,,"?","?","?","?","?","?","?",,,,,,"Godhavn",,"Jakobshavn","?","?","?","?","Scoresbysund",,"Myggbukta",,,,,,,,,,,,,,,,,,,,,,,,,,"Tromsø","^","Alta","Hammerfest","Honningsvåg","Vadsø","Kirkenes",,,,,,,,,,,,,,,"Stolbovoy","?",,,,,,,,,,,,,,,,,,,,,"?","?",,"Mys Chelyuskina","Mys Dika",,,,,,,,,,,,,,,,,,,,,,,,,,"Ushakovskoye",,
,,"Utqiagvik","Utqiagvik",,,,,,,,,,,"?","?","?","?","Cambridge Bay","?",,,,"Spence Bay","?",,,,,,,"?","?","Broughton Island","?",,,,,,,"Christianshaab","?","?","?","?","^",,,,"Ísafjörður",,,,,,,,,,,,,,,,,,,,,,"Vågan","Narvik","^","Karesuando","Kautokeino","Kittilä","Karasjok",,"^","Pechenga","Kola",,,,,,,,,,,,"Belushya Guba","Rogachevo",,,,,,,,,,,,,,,,,"?","Ust-Tareya","?","?","?","?",,"?","?","?",,,,,,,"Sagastyr","?",,,,"Yukagir","?","?","Russkoye Ustye",,,,,,,,,,,,,
,"Wainwright","Atqasuk","Nuiqsut","Prudhoe Bay","^","^",,"Tuktuyaaqtuuq","?",,"?","?",,,"?","?",,,,,"?",,,"Pelly Bay",,,"Igloolik",,,"?",,"?","?","?",,,,,,"Holsteinsborg","Egedesminde","?","?","?","?","^",,,,,"Thingvellir","Hólar","Húsavík",,,,,,,,,,,,,,,,"Mosjøen","^","Bodø","^","^","Kiruna","Gällivare","Överkalix","Pajala","Rovaniemi","Sodankylä","Saariselkä","^","Lovozero","Tumanny","Svyatoy Nos",,,,,,,"Bugrino",,,,"Krasino","Rusanovo",,,,,,"Drovyanoy",,"?",,"Leskino","?",,"Dikson","?","?","?","?","?","?","?","?","?","?",,,"Novorybnaya","Kozhevnikovo","?","?","?","Ust-Olenyok","Tit-Ary","Tiksi",,"?","Nizhneyansk","?","?","Chokurdakh","Yar","Pogashkino","Chaychurgino","Chukochya",,,"?",,"Pevek","Valkaran","Leningradsky",,,
"Point Hope","^","Noatak","^","^","Arctic Village","Old Crow","^","Reindeer Station","?","Paulatuk","?","?","?",,,,,"?",,,,"?","?","?","?","?","Hall Beach",,,,,"?",,"Pangnirtung",,"?",,,,"^","?","?","?","Angmagssalik","Kap Dan",,,,,,"Reykjarvík","^","Djúpivogur",,,,,,,,,,,,,,"Veøy","Niðaróss","Steinkjer","^","^","Tärnaby","Arjeplog","Arvidsjaur","Luleå","Kalix","Tornio","Kemi","Pudasjärvi","Kuusamo","Kovdor","Kandalaksha","Umba","Varzuga","Ponoy",,,,"Shoyna",,,,,,,,,,,,"?","Seyakha",,"Napalkovo","Yunbey","Gyda","Polikarpovsk","Nosok","Karaul","Ust-Port","?","?","Volochanka","?","?","?","?","?","Khatanga","?","?","?","Popigay","?","Saskylakh","Udzha","?","Bulun","Tiksi","?","Kular","Ust-Kuyga","Deputatskiy","?","Druzhina","?","?","?","Nizhnekolymsk","Chersky","Ambarchik","?","Ust-Chaun","?","?","^","Mys Shmidta",,
,,"Kotzebue","Ambler","Tanana","Venetie","^","Aklavik","Inuvik","?","Colville Lake","?","?","?","Coppermine","?","Bathurst Inlet",,"Bay Chimo","?","?","?","?","?","?","?","Repulse Bay","?",,,"Cape Dorset","?",,"?","?",,,,,,"Sukkertoppen","Anavik","?","?","^",,,,,,,,,,,,,,,,,,,,,,"Borgund","Lillehammer","^","^","Åre","Östersund","Sollefteå","Örnsköldsvik","Umeå","Skellefteå",,,"Uleåborg","Kajaani","Kuhmo","Ukhta","Chupa",,,,,"Ruchyi",,"Nizhnyaya Mola",,"Indiga","Tobseda","Nelmin-Nos",,,,"Amderma","Ust-Kara","?",,"Yarono","Novy Port",,,"Nakhodka","?","?","?","Dudinka","Norilsk","Kryazhi","Ust-Avam","^","^","?","?","?","?","Khatanga","?","?","?","Kirbey","?","Olenyok","Kuoyka","Kuonara","Zhigansk","Menkere","^","Batagay-Alyta","Batagay","^","?","^","Zashiversk","?","Srednekolymsk","?","?","Bilibino","Aliskerovo","?","?","?","^","?","Enurmino",
"Nome","Buckland","Selawik","^","Fairbanks","Fort Yukon","Clinton Creek","^","Fort McPherson","Fort Good Hope",,,,"Port Radium","?","?","?","?","?","?","?","?","Baker Lake","?","?","Wager Bay",,,,,,,"Lake Harbour","Frobisher Bay","?",,,,,,,"Sandnæs","?","^","Prins Christianssund",,,,,,,,,,,,,,,,,,,,,"Kaupanger","^","^","Hamar","Elverum","Malung","Falun","Gävle","Sundsvall",,,,"Wasa","Jyväskylä",,"Kuopio","Joensuu","Nadvoitsy","Kem",,"Purnema",,"Soyana","Kamenka","Mezen","Safonovo","Volokovaya","Kotkino","Naryan-Mar","Nosovaya","Varandey","Karataika","Vorkuta","Vorkuta","^","?","Labytnangi",,,"Yamburg","Khalmer-Sede","?","Mangazeya","?","?","Igarka","Svetlogorsk","?","^","?","?","?","Chirinda","Yessey","Ekonda","?","?","?","Aykhal","?","Udachny","Nyurba","Sukhana","Bestyakh","Sebyan-Kyuyol","^","Verkhoyansk","Tomtor","Elginsky","^","^","Ugolnoye","Zyryanka","?","Omolon","^","?","Slautnoye","?","?","Snezhnoye","?",,"?",
,"Unalakleet","Galena","McGrath","Healy","Delta Junction","Dawson City","Mayo","^","Norman Wells","Fort Franklin",,"?","Rae Lakes","Fort Rae","?","?","?","?","?","?","?",,"Rankin Inlet","Chesterfield Inlet",,"?","Coral Harbour",,,,,,"?","^",,,,,,,"Brattahlið","^","^",,,,,,,,,,,,,,,,,,,,,,"Bjørgvin","^","Tønsberg","Oslo","Eidsvoll","Tingvalla","Hedemora","Uppsala",,,,"Pori","Tammerfors",,"Villmanstrand",,"Nyslott","Sortavala","Kondopoga","Ust-Onega","Mudyuga","Nyonoksa","Novokholmogory","Pinega","Leshukonskoye","Blagoyevo","Usogorsk","Koslan","Ust-Tsilma","?","Usinsk","Inta","?","?","?","Obdorsk","Obdorsk","Aksarka","Nadym","Novy Urengoy","Urengoy","?","Mangazeya","Krasnoselkup","Yanov-Stan","Kureika","Turukhansk","Bolshoy Porog","Uchami","Babkino","Nidym","Tura","Kislokan","Inarigda","?","?","?","?","Chernyshevskiy","Mirny","Suntar","Elgyay","Verkhnevilyuysk","Tyukanskoye","Khampa","Sangar","^","^","Oymyakon","Ust-Nera","Khonuu","^","Seymchan","Omsukchan","^","Evensk","Manily","Aklansk","Markhovo","Otrozhnyy","^","Anadyr",,,
"Kotlik","Flat","^","^","^","Glennallen","Beaver Creek","Carmacks","^","Fort Norman","Wrigley","?","Lac La Martre","?",,"Yellowknife","Fort Reliance","?","?",,"?","?","?","Whale Cove",,,"?",,"?",,"Salluit","Deception Bay",,,,,,,,,,,"Hvalsey","Bjørnsted",,,,,,,,,,,,,"Inbhir Nis",,,,,,,,,"Stavanger","Oddernes","Skien",,"Borg",,"Örebro","Västerås","Birka",,,"Åbo","Helsingfors","Borgå","Kotka","Viipuri","Kexholm",,"Petrozavodsk",,"Pudoga","Plesetsk","Kholmogory","Bereznik","Verkhnyaya Toyma","Krasnoborsk","Yarensk","Knyashpogost","Chibyu","Izhma","Pechora","?","^","?","Beryozovo","Polnovat","Beloyarsky","?","Noyabrsk","Tarko-Sale","Chaselka","?","?","?","Tolka","?","Zyryanovo","Noginsk","?","Ust-Kamo","?","?","Khamakar","Nakanno","?","?","?","Peleduy","Mukhtuya","Mukhtuya","?","Olyokminsk","?","?","Karaulny Mys","Yakutsk","Churapcha","Khandyga","^","^","^","Susuman","^","^",,"Evensk",,"Kamenskoye","Pakhachi","^",,,,,"Hooper Bay"
"Bethel","Dillingham","^","Anchorage","Valdez","^","Haines","Whitehorse","Tungsten","^","Fort Simpson","?","Fort Providence",,,,"Snowdrift","?","?","?","?","?","Tavani",,,,,,,,"Puvirnituq","Kangiqsujuaq","Bellin",,"^",,,,,,,,,,,,,,,,,,,,,"Steòrnabhagh","Sruighlea","Obar Dheathain",,,,,,,,,,,,"Lödöse","Skara",,"Norrköping",,,,,,,,,"Orekhov",,"Olonets","Vytegra","Beloozero","Kargopol","Velsk","Shenkursk","Gleden","Kotlas","Koryazhma","Ust-Sysolsk","Ust-Kulom","Troitsko-Pechorsk","Ust-Ilych","^","?","Pelym","Nyagan'","?","Khanty-Mansiysk","Poykovsky","Nefteyugansk","Surgut","Megion","?","?","Pylkaramo","Ratta","Vorogovo","Yartsevo","Yeniseysk","Severo-Yeniseysky","?","Baykit","Tunguska","Vanavara","Chemdal","Yerbogachyon","?","?","Vitim","?","?","?","Olyokminsk","?","?","Tommot","Yakutsk","Amga-Sloboda","Ust-Maya","Eldikan","Okhotsk","Okhotsk","Magadan","Magadan","Brokhovo",,,,"Tilichiki",,,,,,,
,"^",,"Kenai",,,"^","^","Atlin","Watson Lake","Fort Liard","Jean Marie River","Kakisa","Hay River","Fort Resolution","Thebacha","Uranium City","Fond-du-Lac","?","?","Ennadai","Padlei","Eskimo Point",,,,,,,"Inukjuak","Sititalik","?","Payne Bay",,"Fort Severight",,,,,,,,,,,,,,,,,,,,,,"^","Dùn Èideann",,,,,,,,,,"Aalborg",,,"Helsingborg","Jönköping","Kalmar",,"Wi",,,"Kuressaare","Tallinn","Narva","Yam","Khotchino","Ladoga","Soltsy","Tikhvin","Cherepovets","Kirillov","Vologda","Totma","Nikolsk","Luza","Oparino","Vizinga","Koygorodok","Kosa","Solikamsk","^","Nadezhdinsk","Pelym","Uray","?","?","?","?","?","?","Nizhnevartovsk","?","?","Vanzhilkynak","Kilukvinka","?","Yeniseysk","Yeniseysk","?","?","?","Rudnogorsk","Kirensk","Kirensk","Gorno-Chuysky","?","?","Bodaybo","Perevoz","?","^","^","^","Aldan","^","?","Nelkan","^","Okhotsk",,,,,,,"Palana","Ossora",,,,,,,
"Unalaska",,,,,,"^","Juneau","^","^","Fort Nelson","Kahntah","Rainbow Lake","High Level","Fort Chipewyan",,,"Black Lake","Wollaston Lake","Lac Brochet","Tadoule Lake","?","Churchill",,,,,,,,"Umiujaq","?","Tasiujaq","Fort Chimo","Fort Chimo","Nain",,,,,,,,,,,,,,,,,,,,,"Dùn Breatann","Newcastle",,,,,,,,,"Viborg","Aarhus",,,"Lund","Ronneby",,,,,,,"Perona","Tartu",,"Pleskov","Novgorod","Novgorod","Spas-na-Kholmu","Ust-Sheksna","Yaroslavl","Kostroma","Galich","Manturovo","Yaransk","Kotelnich","Khlynov","Glazov","Kudymkar","Berezniki","^","Verkhoturye","Alapayevsk","?","?","Tobolsk","?","?","Novy Vasyugan","?","?","?","Kolpashevo","Molchanovo","Bely Yar","Sukhanovo","Lesosibirsk","Maklakovo","Motygino","Boguchany","Ilimsk","Ust-Ilimsk","Ust-Kut","Severobaykal'sk","^","Novy Uoyan","Taksimo","^","?","^","Khani","^","Neryungri","^","?","^","^","Ayan",,,,,,,,"Tigil","^","Ust-Primorsky",,,,,,"^"
,,,,,,,"^","Dease Lake","^","Fort St. John","^","Peace River","Slave Lake","Wabasca","Fort McMurray","La Loche","Patuanak",,"Lynn Lake","Thompson","Split Lake","Gillam","?",,,,,,,"Jiaviniup Narsanga","?","Fort Mackenzie","Schefferville","Schefferville","Hopedale","Makkovik",,,,,,,,,,,,,,,,,"Daire","Béal Feirste",,,"Lancaster","York",,,,,,,,"Ribe",,"Roskilde",,,,,,,,"Liepaja","Jelgava","Riga","Rezekne","Ostrov","Luki","Toropets","Rzhev","Tver","Uglich","Rostov","Suzdal","Ivanovo","Nizhny Novgorod","Bor","Tsaryovokokshaysk","Ust-Cheptsa","Izhevsk","Votkinsk","Perm","Vasilyevko","Nizhny Tagil","Irbit","Turinsk","Chingi-Tura","Golyshmanovo","?","Tara","?","?","?","?","Kolyvan","Tomsk","Mariinsk","Bogotol","Achinsk","Krasnoyarsk","Kansk","Tayshet","Bratsk","Ilimsk","Zhigalovo","^",,"^","Bagdarin","^","^","Chara","Tupik","?","Tynda","?","Zeya","?","Chumikan",,,,,"Otchishi",,,,"Sobolevo","Klyuchi","^",,,,,,
,,,,,,,"^","Terrace","Smithers","^","Tumbler Ridge","Grande Prairie","Whitecourt","Athabasca","Cold Lake","Île-à-la-Crosse","La Ronge","Pelican Narrows","Flin Flon","Norway House","Warren Landing","?","York Factory","York Factory","Fort Severn",,,,,"Poste-de-la-Baleine","Sakami","Nitchequon","Labrador City",,"North West River","Happy Valley-Goose Bay","Cartwright",,,,,,,,,,,,,,,"Gaillimh","Sligeach","Dundalk",,,"Manchester","Lindon",,,,,,,,"Haithabu",,,,,,,"Gdynia",,,"Klaipeda","Siauliai","Panevezys","Dvinsk","Polotsk","Vitebsk","Smolensk","Vyazma","Klin","Moskva","Kolomna","Vladimir","Murom","Arzamas","Cheboksary","Zelenodolsk","Kazan","Sarapul","Birsk","Kungur","Polevskoy","Yekaterinburg","Kamensky Zavod","Talitsa","Yalutorovsk","Ishim","Tyukalinsk","Bolsherechye","Gor'kovskoye","Tatarsk","Kainsk","Chulym","Novonikolayevsk","Bolotnoye","Kemerovo","Uzhur","Nazarovo","Balakhta","Artyomovsk","^","Nizhneudinsk","Cheremkhovo","Ust-Ordynskiy","Yelantsy",,"Kurumkan","^","?","Verkh-Usugli","Verkh-Usugli","Mogocha","Rukhlovo","Albazin","Magdagachi","?","?","^","Chumikan","Mnogovershinny","Nikolayevsk-na-Amure",,"Esutoru",,,,"Ust-Bolsheretsk","^",,,,,,,
,,,,,,,"Prince Rupert","^","Vanderhoof","Prince George","^","Hinton","Edson","Edmonton","Lloydminster","Prince Albert","Melfort","Nipawin","The Pas",,"Berens River","?","?","?","Fort Severn","Winisk","Attawapiskat",,"Fort George","Radisson",,"Nitchequon","Labrador City","Churchill Falls","Happy Valley-Goose Bay","Lourdes-de-Blanc-Sablon","Battle Harbour",,,,,,,,,,,,,,,,"Luimneach","Duibhlinn",,"Caernarfon","Derby","Cambridge","Norwich",,,,"Groningen","Oldenburg","Bremen","Hamburg","Lübeck","Rostock","Stralsund","Stettin","Kolberg","Stolp","Danzig","Marienburg","Elbing","Königsberg","Kaunas","Vilnius","Lida","Minsk","Mogilev","Roslavl","Lyudinovo","Kaluga","Tula","Pereslavl","Gorodets","Sasovo","Sarov","Atemar","Simbirsk","Melekess","Juketau","Bugulma","Tura-Tau","Zlatoust","Miass","Chelyabinsk","Shadrinsk","Tsaryovo Gorodishche","Petropavl","Isilkul","Omsk","Kalachinsk","Kupino","Barabinsk","Ob","Novonikolayevsk","Toguchin","Kolchugino","Kuznetsk","Abakansk","Minusinsk","Turan","Toora-Khem","Kyren","Usolye","Irkutsk",,,"Ust-Barguzin","Barguzin","Chita","Aginskoye","Nerchinsk","?","?","Mohe","?","Pyora","Svobodny","?","Chegdomyn","Permskoye","Vanino",,"Maoka","Otomari",,,,"Petropavlovsk",,,,,,,
,,,,,,,,"^","Kamloops","^","Revelstoke","Golden","Rocky Mountain House","Red Deer","North Battleford","Saskatoon","Humboldt","Yorkton","Dauphin",,"Fort Maurepas","Pikangikum","Pickle Lake","Sandy Lake","Webequie","?","Fort Albany",,"Eastmain","Nemiscau","Mistissini","Mistissini","Tadoussac","Baie-Comeau","Sept-Îles","Tête-à-la-Baleine",,"St. Anthony",,,,,,,,,,,,,,"Tráigh Lí","Corcaigh",,,"Cardiff","Oxford","London","Colchester",,,"Amsterdam","Utrecht","Enschede","Münster","Verden","Lüneburg","Mecklenburg","Schwerin","Neubrandenburg","Gorzów","Gniezno","Bydgoszcz","Torun","Plock","Olsztyn","Bialystok","Grodno","Baranovichi","Bobruysk","Gomel","Klintsy","Bryansk","Oryol","Yelets","Lipetsk","Tambov","Morsha","Rtishchevo","Penza","Truyovo","Syzran","Samara","Buzulukskaya","Sterlitamak","^","Magnitogorsk","Troitsk","Nikolayevsk","Volodarskoye","Kokchetav","Shchuchinsk","Stepnogorsk","Ertis","Qashyr","Slavgorod","Kamen","Suzun","Barnaul","Biysk","Tashtagol","Abaza","^","Belotsarsk","Saryg-Sep","^","Slyudyanka",,,"Kabansk","Udinsk","Khilok","Duldurga","Nerchinsk","Borzya","?","Genhe","Huma","Aihun","Blagoveshchensk","Alexandrovskoye","Zavitinsk","Chekunda","Amursk","Imperatorskaya Gavan",,"Toyohara",,,,,,,,,,,,
,,,,,,"Nanaimo",,"Vancouver","^","Kelowna","^","^","Banff","Calgary","Medicine Hat","Swift Current","Wascana","Brandon","Portage la Prairie","Winnipeg","Kenora","Dryden","Nipigon","Marathon","Hearst","Cochrane","Moosonee","Moose Factory","Fort Charles","Chapais","Chibougamau","Jonquière","Chicoutimi",,,,,"Corner Brook","Cuper's Cove",,,,,,,,,,,,,,,,,"Bristol","Winchester","Portsmouth",,,"Bruges","Antwerpen","Nijmegen","Duisburg","Dortmund","Paderborn","Goslar","Magdeburg","Brandenburg","Cottbus","Glogów","Poznan","Kalisz","Wloclawek","Lódz","Warszawa","Drohiczyn","Brest-Litovsk","Pinsk","Mozyr","Chernihiv","Romny","Sumy","Kursk","Oskol","Voronezh","Uryupinsk","Borisoglebsk","Balashov","Saratov","Pokrovsk","Mechetnaya","Oral","Sorochinskaya","Orenburg","^","Orsk","Zhitikara","Rudny","Esil","Atbasar","Bozok","Yereymentau","Ekibastuz","Yermak","Pavlodar","Rubtsovsk","Zmeinogorsk","Ridder","^","Ulala","^",,"Tes","^",,"Slyudyanka","Baykalsk","Tankhoy","Selenginsk","Galuuta Nuur","^","Mangut","Bayan Tümen",,"Manjuur","Qayilar","Yakeshi","Zhunaji","Mergen","Jiayin","Raychikhinsk","Birobidzhan","Khabarovsk","^",,,,,,,,,,,,,,
,,,,,,,"Victoria",,"Bellingham","Wenatchee","Spokane","^","Cranbrook","Lethbridge","Taber","Shaunavon","Weyburn","Morden","Winkler","Steinbach","Fort Frances","Fort William",,"Wawa","Chapleau","Timmins","Iroquois Falls","Rouyn-Noranda","Val d'Or","Mont-Laurier","Saint-Jérôme","Shawinigan","Québec","Rimouski","Gaspé",,,"Stephenville","St. Alban's","St. John's",,,,,,,,,,,,,,,"Plymouth",,,,,"Boulogne","Amiens","Gent","Bruxelles","Aachen","Köln","Kassel","Erfurt","Halle","Leipzig","Dresden","Legnica","Wroclaw","Opole","Czestochowa","Sandomierz","Lublin","Lviv","Lutsk","Rivne","Zhytomyr","Kyiv","Lubny","Poltava","Kharkiv","Belgorod","Valuyki","Rossosh","Mikhaylovka","Kotovo","Kamyshin","Yershov","Kaztalovka","Peremyotnoye","Aksay","Iletsk","Aktyubinsk","Badamsha","Kumkuduk","Turgay","Arkalyk",,"Temirtau","Karaganda",,"Karkaralinsk","Moldary","Semipalatinsk","Ust-Kamenogorsk",,"Kurshim","^","Ulangom","Khovd","Züüngovi","^","^","Khatgal","Ordu Baliq","Kyakhta","Maimaicheng","^","Öndörkhaan","Onon","Bayan Tümen","Tamsagbulag","Yirshi","^","Butha","Bukui","Suihua","Yichun","Hegang","Tongjiang","Bikin","^",,"Asahikawa","^",,"Kitami",,,,,,,,,
,,,,,,,,,"Seattle","^","^","Kalispell","^","Great Falls","Havre","Wolf Point","Williston","Minot","Grand Forks","Bemidji","Duluth",,,,"Sault Sainte-Marie","Sudbury","North Bay","Ville-Marie","Petawawa","Gatineau","Montréal","Trois-Rivières","Saint-Georges","Fredericton","Moncton",,,,,,,,,,,,,,,,,,,,,,,"Cherbourg","Caen","Rouen","Beauvais","Reims","Luxembourg","Trier","Mainz","Frankfurt","Würzburg","Nürnberg","Plzen","Praha","Brno","Ostrava","Katowice","Kraków","Tarnów","Rzeszów","Stanislaviv","Tarnopol","Kamianets","Vinnytsia","Uman","Cherkasy","Kryvyi Rih","Yekaterinoslav","Oleksandrivsk","Alexandrovka","Luhansk","Millerovo","Tsaritsyn","Volzhsky","Zhanibek","Zhangala","Inderborskiy","Miyaly","Sagiz","Kandyagash","Chelkar","?","?","Dzhezkazgan","Dzhezkazgan","Temirtau","Moyynty","Balkhash","Sayaq","Aktogay","Sergiopol'","Aksuat","^","Zaysan","Altay","^","^","?","Uliastai","Mörön","^","Tsetserleg","Qara Qorum","Erdenet","Ikh Khüree","Öndörkhaan","Baruun-Urt","Baruun-Urt","?","Hoolingol","Wangyemiao","Chengsijiazi","Daqing","Shangjing","Sanxing","Giyamusi",,"Tetyukhe",,,,"Sapporo","Kushiro",,,,,,,,,,
,,,,,,,,"Tacoma","Yakima","Pasco","^","Missoula","^","Helena","Roundup","Miles City","Dickinson","Bismarck","Fargo","St Cloud","Superior","Ashland","Marquette","Sault Sainte-Marie",,,"Toronto","Oshawa","Kingston","Bytown","Saint-Jean-sur-Richelieu","Sherbrooke","Augusta","Saint John",,"Charlottetown","Sydney, Nova Scotia",,,,,,,,,,,,,,,,,,,"Brest","Vannes","Rennes","Le Mans","Chartres","Paris","Troyes","Nancy","Strasbourg","Freiburg","Stuttgart","Ulm","Regensburg","Passau","Ceské Budejovice","Presporok","Nitra","^","Kosice","^","^","^","Chernivtsi","Chishinau","Dubasari","Odesa","Mykolaiv","Oleshky","Mariupol","Taganrog","Cherkassk","Alexandro-Grushevskaya","Kalach","Svetly Yar","Akhtuba","Kharabali","Ganyushkino","Guryev","Makat","Shalkar","Shalkar","Aral'sk","Aral'sk","?","Dzhezkazgan","?","?","Saryshaghan",,,,"Sarqan",,"Qoqak","Qaramay","Fukang","Beshbalik","Gucheng","^","^","Bayanbulag","Bayankhongor","?","?","?","Mandalgov","Choir","?","?","Beizimiao","Shangjing","Tongliao","Changling","Boduna","Zhuhe","Mudanjiang","Jixi","Nikolskoye","Yongmingcheng",,,,"Hakodate",,,,,,,,,,,
,,,,,,,,"Olympia","^","Kennewick","Lewiston","^","Butte","Bozeman","Billings","Broadus","Pierre","Chamberlain","Sioux Falls","Minneapolis","Eau Claire","Green Bay",,"Saginaw",,"Pahkatequayang","Mississauga",,,"Syracuse","Burlington","Concord","Portland",,,"Halifax",,,,,,,,,,,,,,,,,,,,,,"Nantes","Angers","Tours","Orléans","Auxerre","Dijon","Besançon","Bern","Zürich","Augsburg","Freising","Salzburg","Linz","Wien","Györ","Buda","Pest","Debrecen","Cluj","Sighisoara","^","Iashi","Tyras",,,"Eupatoria",,,"Azov","Armavir","Stavropol","Elista","Yashkul","Astrakhan",,,"Kulsary","Jasliq",,,"Jankent","Jand","Sig'noq","?","?","Moiynqum",,"Gorguz","Iki-Oguz","Ilanbaliq","Almaliq","^","Jambaliq","Wulabo","^","?","Cumuda","Cumuda","?","?","?","?","?","?","Sainshand","Dzamiin Üüde","Kangbao","Yingchang","Lindong","Tongliao","Siping","Changchun","Jilin","Yanji","Gyeongseong",,,,,,,"Aomori",,,,,,,,,,
,,,,,,,,"Neerchokikoo","Bend","Baker City","^","^","^","West Yellowstone","Sheridan","Douglas","Rapid City","Norfolk","Chamberlain","Cedar Rapids","Dubuque","Milwaukee",,"Grand Rapids","Detroit",,,"Buffalo","Rochester","Albany","Springfield","Boston",,,,,,,,,,,,,,,,,,,,,,,,,,,"Roscella","Poitiers","Bourges","Nevers","Chalon-sur-Saône","Genève","^","^","^","^","^","Klagenfurt","Graz","Székesfehérvár","Pécs","Szeged","Timisoara","Alba Iulia","^","Galati","Chilia",,,,"Khersonesos","Pantikapaion",,"Tmutarakan","Anapa","Pyatigorsk","Groznaya","Kizlyar",,,,"Beineu","Jasliq",,,"Juvara","Jand","Sig'noq","Sozaq","?","Taraz","Orduqent","Talkhiz","Shelek","^","^","Ghulja","^","^","Yarghol","Qocho","?","Jiayuguan","Jiayuguan","Khara-Khoto","?","?","?","?","Guihua","Bingzhou","Zhangjiakou","Kaiping","Chifeng","Liucheng","Houcheng","Fushun","Ji'an","^","Seongjin",,,,,,,"Akita","Morioka",,,,,,,,,
,,,,,,,"Medford","Eugene","^","^","Boise","Idaho Falls","^","^","Casper","Cheyenne","North Platte","Grand Island","Omaha","Des Moines","Davenport","Chicago","Gary","Fort Wayne","Toledo","Lorain","Cleveland","Erie","Scranton","Paterson","Hartford","Providence",,,,,,,,,,,,,,,,,,,,,,,,,,,"Xaintes","Angoulême","Limoges","Clermont","Lyon","^","Augusta Taurinorum","Mediolanum","Brixia","Verona","Padua","Aquileia","Ljubljana","Zagreb","Osijek","Petrovaradin","^","Târgovishte","Bucuresti","Constanta",,,,,,,,,"^","^","Ordzhonikidze","Samandar",,,"Fort-Aleksandrovskiy","Shetpe","Oqsho'laq","Qonirat","Muynak","Shimbay","Uchkuduk","Sauran","Farab","Sayrom","^","Balasagun",,"^","^","^","^","^","Qarasheher","Yarghol","Qocho","Anxi","Huiji","Jiayuguan","Khara-Khoto","?","Bayannaghur","Bayannur","Jiuyuan","Guihua","Shanwu","Xuanhua","Longqing","Rehe","Tuhe","Xiangping","Andong","Uiju","Hamju",,,,,,,,"Yamagata","Sendai",,,,,,,,,
,,,,,,,"Redding","^","Reno","Winnemucca","Elko",,"^","Rock Springs","^","Fort Collins","Sterling","Lincoln","Nebraska City","St Joseph","Hannibal","Peoria","Bloomington","Indiananapolis","Dayton","Columbus","Akron","Pittsburgh","Allentown","Newark","New York",,,,,,,,,,,,,,,,,,,,,,,,,,,,"Bordeaux","Périgueux","Cahors","Albi","Avignon","Grenoble","Nizza","Genua","Parma","Bononia","Ravenna",,"Pula","^","Sarajevo","Beograd","Vidin","Pleven","Tarnovo","Varna",,,,,,,,,,"Sukhumi","^","Derbent",,,,"Aktau","Elobod","Urganch","Kerder","Kath","Zarafshan","Jizzakh","Chach","^","Akhsikath","^","^","^","Aksu","?","Kucha","Arshi","Korla","Krorän","?","Dunhuang","Huiji","Fulu","Ganzhou","Bayanhot","Shizuizi","Bayannur","Jiuyuan","Tongwan","Mayi","Pingcheng","Jicheng","Tangshan",,"Sanshan",,"Pyeongyang","Jungcheon",,,,,,,,"Niigata","Fukushima",,,,,,,,,
,,,,,,,"Santa Rosa","Sacramento","^","Carson City","Ely","West Valley City","Salt Lake City","Grand Junction","^","Denver","McCook","Salina","Topeka","Kansas City","Fort Orléans","Hannibal","Decatur","Evansville","Cincinnati","Huntington","Parkersburg","Morgantown","Philadelphia","Atlantic City",,,,,,,,,,,,,,,,,,,,,,,,,,,,,"Bayonne","Pau","Toulouse","Narbonne","Montpellier","Marseille",,,"Florentia","Arretium","Ariminum",,,"Split","^","Skopje","Nis","Sofia","Plovdiv","Orestias","Byzantion",,,"Amastris","Sinope","Amisos",,,,"Poti","Mtskheta","^","Quba",,,,"Gyzylgaya","Ruzvand","Xiva","Hazarasp","Karmana","Parshvab","Uroteppa","Kurushkatha","Khavakand","Erkeshtam","Kashgar","Uchturpan","Bachu","Kuchar","Kuchar","Yuli","Charklik",,"Miran","^","^","^","Ganzhou","Bayanhot","Fuping","^","Wuhai","Yulin","Xiurong","Baoding","Tianjin",,,,,"Haeju","Kaesong","Gangneung",,,,,,"Kanazawa","Nagano","Mito",,,,,,,,,
,,,,,,,"San Francisco","Stockton","^","Hawthorne","Area 51","^","Provo","^","^","Colorado Springs","Colby","Hays","Emporia","Joplin","Jefferson City","St. Louis","Belleville","Bowling Green","Louisville","Lexington","^","Charlottesville","Washington",,,,,,,,,,,,,,,,,,,,,,,,,"La Coruña","Lugo","Oviedo","Santander","Bilbao","^","^","^","Perpignan",,,,,"Populonium","Perusia","Ancona",,,,"Dubrovnik","Tirana","Dion","Pella","Abdera",,,"Nikomedeia","Herakleia","Angyra","Gangra","Amasia","^","Trapezous","Rhizounta","^","Kumayri","Qabala","Baku",,,"Qyzyl-Su","Balkanabat","Parau","Darghan","Bukhara","Nasaf","Kesh","^","^","^","^","Yarkant","Khotan","Khotan","Cadota","Saca","Qarqan","^","^","Nagormo","Gterlenkha","^","^","^","Liangzhou","Zhongwei","Lingzhou","Dingbian","Yan'an","Jinyang","Handan","Cangzhou","Bogu",,"Penglai",,,"Wiryeseong","Chunju","Samcheok",,,,"Tottori","Echizen","^","Edo",,,,,,,,,
,,,,,,,"San Jose","San Luis Obispo","Fresno","^","Las Vegas","St. George","^","Farmington","^","Pueblo","Garden City","Dodge City","Wichita","Tulsa","Poplar Bluff","Cape Girardeau","Paducah","Nashville","Knoxville","^","Raleigh","Richmond","Norfolk",,,,,,,,,,,,,,,,,,,,,,,,,"Santiago de Compostela","Orense","León","Burgos","Logroño","Pamplona","Huesca","Lleida","Barcelona",,,"Aleria",,,"Roma","Corfinium","Canosium",,,,"Epidamnos","^",,,,"Pergamon","Nikaia","Dorylaion","Gordion","Kurshaura","Mazaka","Kammama","^","^","Tushpa","Artashat",,"Ardabil",,,"Gurgan","Buzanjird","Nisa","Merv","Amul","Zamm","Termiz","Hulbuk","Taloqan","^","^","Qaghiliq","Khotan","Yutian","Ronglu","^","^","^","Yuegai","^","Gterlenkha","Gterlenkha",,"Linqiang","Jincheng","^","Qingyang","Xianyang","Tongchuan","Pingyang","Yin","Lixia","Linzi","Jiao'ao",,,,"Jeonju","Daegu","Seorabeol",,"Matsue","Okayama","Heian-kyou","Oosaka","Nagoya",,,,,,,,,,
,,,,,,,,"Santa Barbara","Bakersfield","Palm Springs","Lake Havasu City","Flagstaff","^","^","Santa Fé","Trinidad","Amarillo","Elk City","Oklahoma City","Fort Smith","Jonesboro","Memphis","Tupelo","Birmingham","Atlanta","Charlotte","Columbia","Wilmington",,,,,,,,,,,,,,,,,,,,,,,,,,"Porto","Viseu","Salamanca","Valladolid","Calatayud","Zaragoza","Tortosa","Tarragona",,,,,"Olbia",,,"Capua","Neapolis","Beneventum","Tarentum",,"Apollonia","Larissa",,,,"Ephesos","Sardis","Amorion","Ikonion","Tuwanuwa","^","^","Meliddu","Amida",,"^","Gazaka","^","Rasht","Zadracarta","^","^","Asaak","Sarakhs","Maymana","Shaporgan","Baktra","Kunduz","^","^","Varshadeh","^","^","^","^","^","^","Jiajiboluoge","^","^","^","^","Mgolog","Tongren","^","Tianshui","^","Chang'an","Shangyang","Luoyang","Aodu","Daliang","Qufu","Pengcheng","Yancheng",,,"Gwangju","Jinju",,,"Hiroshima",,,"Wakayama",,,,,,,,,,,
,,,,,,,,,"Los Angeles","Riverside","Yuma","Phoenix","^","^","Albuquerque","Clovis","Lubbock","Wichita Falls","Plano","Little Rock","Pine Bluff","Jackson","Meridian","Montgomery","Macon","Savannah","Charleston",,,,,,,,,,,,,,,,,,,,,,,,,,,"Coimbra","Castelo Branco","Ávila","Tole","Cuenca","Teruel","Valencia",,,"Palma",,,"Caralis",,,,,"Crotona",,,,"Thebai","Athenai",,,,"Halikarnassos","Attaleia","Silifke","^","Tarsos","Kyrrhus","Adma","Nisibis","Ninua","Arbela",,"Zangan","^","Raga","Komis","Sabzevar","Nishapur","Tus","Bamiyan","Kapisa","^","^","^","Gilgit","^","^","^","^","Ger","^","Gdanglagrong","^","^","^","Amdo","Gyêgumdo","^","^","^","Tanzhang","Nanzheng","Xicheng","Shangluo","Nanyang","Yuzhou","Ruyin","Huainan","Hancheng","Wu",,,,,,"Hakata",,"Matsuyama","Takamatsu",,,,,,,,,,,,
,,,,,,,,,,"San Diego","Mexicali","Puerto Peñasco","Tucsón","Las Cruces","El Paso","Roswell","Midland","Fort Worth","Dallas","Shreveport","Monroe","Baton Rouge","Mobile","Pensacola","Tallahassee","Jacksonville",,,,,,,,,,,,,,,,,,,,,,"Ponta Delgada",,,,,,"Lisboa","Évora","Batalyaws","Qal'at Rabah","Al-Basit","Mursiyya","Alicante",,,,,,,,,,,"Rhegium",,,"Messene","Korinthos",,,,,,,,,,"Antiokheia","Halab","Sinjar","Kalhu","Ash-shur","Saneh","^","Hagmatana","Kom","Semnan","Torshez","Torbat-e Jam","Artacoana","^","^","Kubha","Pushkalavati","Ranigat","Shrinagara","^","^","^","Mtho Lding","Spuhreng","Kyakyaru","Coqên","Xainza","Dêgên","Nagchu","^","Xangda","^","Rngaba","^","Langzhong","Bazi","^","Danjiangkou","Ying","Suizhou","Huangchuan","Hefei","Moling",,"Qinglong",,,,,"Nagasaki","Kumamoto",,,,,,,,,,,,,,
,,,,,,,,,,"Ensenada",,"Caborca","Nogales","Paquimeh","Ciudad Juárez","Pecos","San Angelo","Austin","Waco","Beaumont","Lafayette","La Nouvelle-Orléans",,,,"St. Augustine",,,,,,,,,,,,,,,,,,,,,,,,,,,,"Faro","Walbah","Ishbiliya","Qurtubah","Al-Garnatah","^",,,,,,,,,,"Panormus","Messana",,,,,"Sparta",,,,,,,,"Salamis",,"Ugarit","Hamath","Nikephorion","Dur-Kurigalzu","Eshnunna","Khalmanu","^","Nahavand","Kashan","Jandaq","Golshan","Qaen","Farah","^","Ghazni","^","Kohat","Takshashila","Jhelum","Vallapura","^","^","^","^","Lo Manthang","Lhartse","^",,"Damxung","Lhorong","Chamdo","Dkarmdzes","^","Chengdu","Anhan","Dangqu","Liweizhou","Baidicheng","Jingzhou","Hanyang","Wuchang","Tongling","Wuhu","Hangzhou",,,,,,,"Kagoshima",,,,,,,,,,,,,,
,,,,,,,,,,"San Felipe",,"Pitic","^","Cuauhtémoc","Xicuahua","Piedras Negras","Del Rio","San Antonio","Houston",,,,,,,"Tampa","Orlando",,,,,,,,,,,,,,,,,,,,,,,,,,,,,"Gadir","Malaqah","Al-Mariyya",,,,"Y","Yksm","Yglgl","Rushkd","Pwn","Qart-Hadasht",,,"Syracusae",,,,,,,"Kydonia","Knossos",,,,"Lidir",,,"Gebal","Kadesh","Mari","Sippar","Akkadê","Der","Shapurkhast","^","Spahan","Naeyn","Meybod","Birjand","Bost","Kandahar","^","Gardez","Andrapana","Naushera","Saidpur","Sagala","Kangra","Mayapuri","^","^","^","^","Xigaze","^","Rasa","Drakchi","^","^","Darrtsemdo","Jiading","Neijiang","Dianjiang","Linjiang","Enshi","Wuling",,"Jiujiang",,"Tunxi","Kuaiji","Mingzhou",,,,,,,,,,,,,,,,,,,,
,,,,,,,,,"Guerrero Negro","Santa Rosalía",,"Na'avojowa","^","Parral","?","Monclova","Laredo","Corpus Christi",,,,,,,,,"Miami",,,,,,,,,,,,,,,,,,,,,,,,,,,,,,,,,"Shigan","Qrttn","Al-Asnam","Zfid","Kirthan","^","Tbgg","Adramat",,,,,,,,,,,,,,,,,"Surru","Dimashq","Palmyra","Rapiqum","Barsip","Babilû","Nibbur","Shushan","Shurkutir","Ayapir","Abadeh","Yazd","Neh","Zranka","Shalkot","^","Jampur","Kashtpur","Lavapuri","Amritsar","Satudardesh","Sthanishvara","Hastinapura","Ahikshetra","Pokhara","^","^","^","Gyantse","Tsetang","^","Aalo","^","Jiandu","^","^","Jiangzhou","Fuling","Dayong","Baigong","Linxiang","Jiancheng","Yuzhang","Changnan","Dong'ou","Huipu",,,,,,,,,,,,,,,,,,,,
,,,,,,,,,,"Loreto",,,"Colhuacan","^","Torreón","Saltillo","Monterrey","Matamoros",,,,,,,,,,,"Nassau",,,,,,,,,,,,,,,,,,,,,,,,,,,,"Tinga","^","Rushdir","Km'","Muaskar","^","Gelfa","Vescera","Tbessa","Capsa","Tayinat",,,,,,,,,,,,,,,,,"Akka","Gerasa","Bosra","Al-Rutbah","Dilbat","Uruk","Lagash","Durine","Shushan","^","Pasargad","Sergan","Bardashir","Duzdab","Khuzdar","Sibi","Sukkur","Bhatia","Derawar","Ajodhan","Isukara","Indraprastha","Sambhal","Saketa","Lumbini","Gorkha Dabar","Kantipur","^","^","^","^","Ratnapur","Sadhayapura","^","Lijiang","Bijie","Bozhou","^","Qianzhong","Lingling","Hengzhou","Luling","Nanfeng","Jianyang","Lya",,,,,,"Shuri",,,,,,,,,,,,,,,
,,,,,,,,,,"La Paz de California",,,"Mazatlán","^","Chalchihuites","Zacatecah","Tamuin","Tampiko",,,,,,,"Pinar del Río","La Habana","Sancti Spíritus",,,,"Cockburn Town",,,,,,,,,,,,,,,,,,,,,,,,,,"Sala","Fizaz","Wajda","^","Aïn Séfra","Lbayed","Dimd","Tuqurt","Al-Wadi","Turris","Takapes","Tsabratan","Oyat","Lpqy",,,,"Euesperides","Kyrene",,,"Per-Wadjet","Djedet",,,,"Yafo","Yerushalayim","Amman","Qurayyat","Turaif","Iritu","Iritu","Uru","Vahman-Ardashir","Arrajan","Bay-Shapur","Parsa","^","^","Bam","^","Chandka","Aror","Jaisana","Nagaur","Jhunjhunu","Neemrana","Vrindavan","Kanyakubja","Prayagraja","Ghazipur","Vaishali","Pataliputra","Mithila","Devikota","Pragjyotishpura","Dimapur","Dibrugarh","^","Mogaung","Taihe","^","Juzhou","Duyun","Guizhou","Hezhou","Leiyang","Qianzhou","Chengxiang","Tong'an","Quanzhou",,,"Hobe",,,,,,,,,,,,,,,,,,
,,,,,,,,,,,,,,"Xalixko","Tonallan","Tzintzuntzan","Teotihuacan","Teayo",,,,"Mayapan","Uuc Yabnal",,,,,"Puerto del Príncipe","Santiago de Cuba",,,,,,,,,,,,,,,,,,,,,,,"Funchal",,,,"Rusibis","Aghmat","Warzazat","^","Sijilmasa","Bashar","Arbawet","Tagherdayt","Wargren","Douar El Ma","Tieret","Fumm Tittawin","Nalut","Gharyan","Thubactis","Maqom",,,"Adjabiya","Antipyrgos","Amunia","Ra-Kedet","Zau","Iwnw","Per-Amun","Tjaru","Al-Qulzum","Gazza","Timna","Sela","Adummatu","Sakakah","Rafha","Hafar al-Batin","Agarum",,,"Tamukan","Darabgerd","Homirzad","Gulashkird","Pahrah","^","Sehwan","Saklund","Balotra","Mandore","Ajayameru","Viratnagara","Mathura","Kanpur","Kaushambi","Kashi","Sahastrarama","Rajagriha","Champa","Lakshmanavati","Srihatta","Maibang","Kangla","^","Tagaung","Yingjiang","Yunnan-fu","^","Baise","Yongzhou","Yulin, Guangxi","Gaoyao","Heyuan","Nantou","Chaozhou",,,"Taioan","Dadun",,,,,,,,,,,,,,,,,,
"Lihu'e",,,,,,,,,,,,,,"Xihuatlán","^","Calixtlahuaca","Teotihuacan","Tlaxcallán","Cempoalatl",,,"Uxmal","Zama",,,,,,,,"Cap-Français","Santiago de los Caballeros",,,,,,,,,,,,,,,,,,,,,,,,"Agadir","^","^","Tagmadert","Merzouga","Haresse Lil","Timimoun","Al-Maniya","Hassi Messaoud","El Borma","Debdeb","Tidamensi","Kabaw","Castra Madensia","Gholaia","Waddan","Arae","Automala","Adjabiya","Bi'r bin Ghunayma","Sekht-Am","Khem","Inebu-hedj","Inebu-hedj","Per-Atum","Arsinoë",,"^","Elath","Tabuk","Tayma","Ha'il","Uyun Al-Jiwa","Al Artawiyah","Al Jubayl",,,,"Siraf",,"Harmozeia","Tiz","Gwadar","Bela","Patala","Kahu-Jo-Darro","Anhilwara","Chittor","Bundi","Gvaliyar","Balwantnagar","Kharjuravahaka","Rewa","Uruvela","Pithoria","Bishnupur","Karnasuvarna","Bikrampur","Mainamati","^","Kalaymyo","Halin","Sampanago","Bu'ri","Yen Bai","Leilou","Chongzuo","Guangzhouwan","Gaozhou","Panyu",,,,,"Takau",,,,,,,,,,,,,,,,,,,
,,"Honolulu",,,,,,,,,,,,,"Coliman","Tlachco","^","Cuauhnahuac","Coixtlahuacan","Lakamha","Chakanputun","Ox Te' Tuun","Lam'an'ain",,,,,"Port Royal",,,"Port-au-Prince","San Juan de la Maguana","Santo Domingo",,"San Juan",,,,,,,,,,,,,,,,,"Las Palmas",,,"Layoun","Asrir","Tinduf","Umu Aleasal","Taragalt","Tabelbalt","Ouled Ahmed Timmi","Adrar","Timokten","Foggaret Ezzoua","?","Bordj Omar Driss","Illizi","Adiri","Garama","Sebha","Elfoqhat","Az-Zallah","Maradah","Awjila","Jalu","Ta-Iht","Shedet","Khemenu","Henen-Nesut","Tepy-hewet","Gebtu",,,"Duba","Hegra","Madinah","Ar-Rass","Buraydah","Az Zulfi","Rumah","Al-Qatif",,,,,,,,,"Debal","Punvaranogadh","Ashaval","Chandanavati","Ujjain","Sanchi","Suktimati","Tripuri","Ratnapura","Raigarh","Khiching","Tamralipta","Chandraketugarh","Chandradwip",,"Chattogram","Hakha","Pagan","Awa","Luang Prabang","^","Dai La","Haiphong",,,,,,,,,,,,,,,,,,,,,,,,,,,
,,,,"Hilo",,,,,,,,,,,,,"Tepecuacuilco","Tututepec","Danibaan","Pa' Chan","Q'umarkaj","Yax Mutal",,,,,,,,,,,,,,,"Basse-Terre",,,,,,,,,,,,,,,,,"Villa Cisneros","Al-Zuwayrat","Al-Zuwayrat","Bir Moghreïn","Chegga","Taghaza","Taghaza","In Zghmir","Reggane","Aïn Salah","In Amguel","Abalessa","Bordj El Houasse","^","Ghat","Marzuq","Marzuq","Zawila","?","Tazirbu","Tazirbu","Al-Jawf","Pa-Mwt","Hebet","Zawtj","Abdju","Waset","Wetjeset-hor","Tjau",,,"Yanbu","Al-Qudayd","Afif","Al-Quway'iyah","Hajr","Hajr","Al-Hasa","Dilmun",,,"Sohar",,,,,,,"Vallabhipur","Khambat","Dhar","Mahishmati","Chouragarh","Mandla","Raipur","Bargarh","Sambalpur","Viraja",,,,"Sittwe","Dhanyawadi","Beikhtano","^","Kyaingtong","^","Hoa Lu",,,"Qiongzhou",,,,,,,,,,,,,,,,,,,,,,,,,
,,,,"^",,,,,,,,,,,,,,,,,"Kaminaljuyu","^","Oxwitik","Papayeca","Black River",,,,,,,,,,,,,,,,,,,,,,,,,,,,,"Arguin","Azuggi","Shinqit","Wadan","Wadan","Tawdenni","Tawdenni","?","Bordj Badji Mokhtar","Timiaouine","In Amguel","Abalessa","^","Janit","?","Tajarhi","Qatrun","Wour","Aozou","Harat Zuwayyah","Ma'tan as-Sarra","Muzui","?","Selima","Bwhen","Abw","Nekhen","Nubt","Shashirit",,,,"Al-Juhfah","Zalim","Halaban","Layla","Al-Kharj","Yabrin","Murwab","Sir Bani Yas","Julfar","Tawam","Masqat",,,,,"Dvaraka",,"Bharuch","Devagiri","Vatsagulma","Nandivardhan","Bramhapuri","Raipur","Bhawanipatna","Puri","Toshali",,,,,"Thandwe","Thaye Khittaya","Taungoo","Chiang Mai","Wiang Chan","Rinan","Ke Van",,,,,,,,"^","Tugegaraw",,,,,,,,,,,,,,,,,,
,,,,,,,,,,,,,,,,,,,,,,"Tazumal","Kuskatan",,"Bragman's Bluff",,,,,,,,,,,,"Bridgetown",,,,,,,,,,,,,,,,,"Nwakcot","Boutilimit","Ksar el Barka","Tidjikja","Tchit","Arawan","Arawan","Mabruk","Tessalit","Tadmekka","Tin Zaouatine","Gezzam","Arlit","Asode","?","Djado","Dirkou","Bardaï","^","Gouro","Gouro","Ma'tan as-Sarra","?","Selima","Para","Kerma","Per-Selk","Deraheib","Shashirît","Shashirît",,,"Jiddah","Makkah","At-Ta'if","Al-Aqiq","Qaryat al-Faw","Al-Yamama","Yabrin","Liwa","Ibri","Nizwa","Sur",,,,,,,"Shurparaka","Punawadi","Kalyani","Induru","Chandrapur","Dantewada","Jagdalpur","Visakhapatnam",,,,,,"Dagon","Hongsawatoi","Thaton","Phitsanulok","Udon Thani","?","Khanthaburi","Kandarpapura",,,,,,,"Bigan","Ibon",,,,,,,,,,,,,,,,,,
,,,,,,,,,,,,,,,,,,,,,,,,"Santiago de los Caballeros de Léon","Bluefields",,,,,"Riohacha",,"Barquisimeto","Coro",,,,,,,,,,,,,,,,,,,,,"Njurbel","Tukuloor","Kaédi","Awdaghost","Walata","Gundam","Tumbutu","Bamba","Tondibi","Talataye","Ménaka","Takedda","Agadez","^","?","Fachi","Bilma","Zouar","Kidirmi","Faya","Ayn Galakka","?","Nukheila","El Atrun","El Atrun","Tungul","Napa","Nuri","Atbara","Oosook",,,,"Hubasha","^","Najran","Sharurah","Sharurah","Tarim","Thumrait","Haima","Duqm",,,,,,,,"Rairi","Kolhapur","Manyakheta","Golkonda","Orugallu","Vengipuram","Rajamahendravaram",,,,,,,"Thinsawanargara",,"Mywlamyine","Lavapura","Nakhon Ratchasima","Ubon Ratchathani","Champassak","Salavan","Indrapura",,,,,,"Selurong","Lucena",,,,,,,,"Hagåtña",,,,,,,,,,
,,,,,,,,,,,,,,,,,,,,,,,,,"Cartago",,"Ciudad de Panamá",,"Cartagena de Indias","^","Maracaibo","Cabimas","Barquisimeto","Caracas","Cumaná","Maturín",,,,,,,,,,,,,,,"Ribeira Grande",,,"Guet Ndar","Lingeer","Maghama","Diara","Kumbi Saleh","Tondidarou","Korienza","Gossi","Taboye","Ansongo","Andéramboukane","Tahoua","Alkalawa","Zengou","Gure","Gatiga","Beri","Manan","Barak","Koro Toro","Fada","Wadi Hawar","Wadi Kutum","Mellit","Kerkis","Korti","Sanam","Medewi","Taka","Badi","Messewa",,,"Jazan","^","Sanaa","Shabwat","Seiyun","Tarim","Salalah","Mirbat",,,,,,,,,"Chandrapura","Sugandavarti","Vijayanagara","Vijayapuri","Dhanyakataka","Masulipatnam",,,,,,,,,,"Dawei","Ayutthaya","Chonburi","Yashodharapura","Sambor Prei Kuk","Lac Giao","Vijaya",,,,,,,,"Naga",,,,,,,,,,,,,,,,,
,,,,,,,,,,,,,,,,,,,,,,,,,,"San José de David",,"Riosucio","Santa Fe de Antioquia","Bucaramanga","Muku","^","Guanare","Calabozo","El Tigre","San Félix","Anna Regina",,,,,,,,,,,,,,,,,"Ndakaaru","Anyam-Godo","Bakel","Diakaba","Sansanding","Diakha","Bandiagara","Hombori","Dori","Gawgaw","Namay","Birnin Kebbi","Katsina","Daura","Nguru","Zamtam",,"Njimi","Chadra","Kalo","Biltine","^","Dar Tama","Uri","Zankor","Tuti","Iribikrwb","Tolkte","Aborepi","Akordat","Qohaito",,,,"Zafar","^","Qana","Al-Mukallah","Ash-Shihr",,,,,,,,,,,,"Murdeshwar","Chitradurga","Kadapa","Nellore",,,,,,,,,,,"Phetchaburi",,"Chanthaburi",,"Hariharalaya","Panduranga","Kauthara",,,,,"Puerto Princesa",,"Sugbo",,"Kankabatok",,,,,,,,,,,,,,,,
,,,,,,,,,,,,,,,,,,,,,,,,,,,,"Quibdó","Medellín","Tunja","^","Pore","El Picacho","^","Angostura","^","Bartica","Georgetown",,,,,,,,,,,,,,,,"Siggcoor","Koldaa","Tambaakundaa","Kita","Ka-ba","Djoboro","Mopti","Wagadugu","Tenkodogo","Lulami","Dosso","Gwandu","Gusau","Dala","Biram","Ngazargamu",,,"Bidderi","Yao","Tajuwa","Geneina","^","Rahad Tendelti","El-Obeid","Waylula","Soba","Soba","Gorgora","Gwandar","Aksum","Dongolo",,,"Ta'izz","Adan",,,,,,,,,,,,,,,"Mangalapuram","Srirangapatna","Talakadu","Mahabalipuram",,,,,,,,,,,"Myeik",,,"Angkor Borei","Vyadhapura","Prey Nokor",,,,,"Bunbun",,,,,,,,,,,,,,,,,,,,,
,,,,,,,"Tereitaki",,,,,,,,,,,,,,,,,,,,,"^","Cali","Bogotá","^","San Martín de los Llanos Orientales","Puerto Inírida","San Fernando de Atabapo","^","Santa Elena de Uairén","^","Christianburg","Fort Nassau","Fort Zeelandia","Cayenne",,,,,,,,,,,,,,"Kansala","^","Dinguiraye","Niani","Sikaso","Sia","Yagbum","Yendi","Jugu","Nikki","Kontagora","Zazzau","Rano","Gwosh","Dikwa","Marwa","Gamtila","Balagi","Mongo","Goz Beïda","Zalingei","Nyala","En Nahu","Keraia","Delami","Kersa","Teawa","Yesmala",,"^","Enda Meseqel","Saylac",,,,,,"Suq",,,,,,,,,,,,,"Kallikkottai","Tanjapuri","Kanchipuram",,,,,,,,,,,"Chaiya",,,,"O Keo",,,,,,,,,"Samboangan","Himologan","Butuan",,,"Koror",,,,,,,,,,,,"Majuro",
,,,,,,,,,,,,,,,,,,,,,,,,,,,"Esmeraldas","Males","^","^","San José del Guaviare","Miraflores","Puerto Colombia","^","^","Forte São Joaquim","Forte São Joaquim","Lethem","Kasuela","Stoelmanseiland","Maripasoula","Amapá",,,,,,,,,,,,,,"Konakiri","Kissidougou","^","Korhogo","Buna","Salaga","Kete Krachi","Sokode","Kana","Ilé-Ifè","Bida","^","Lafia","Yola","Garwa","Mser","Massenya","Melfi","Am Timan","Ouanda Djallé","Raga","Aweil","Bentiu","Fashoda","Fazogli","Asosa","Bahir Giyorgis","^","Roha","Wasal","Däkkär","Barbara","^","Boosaaso","Aromata",,,,,,,,,,,,,,,"Muciripattanam","Madurai",,,,,,,,,,,,"Thalang","Tambralinga",,,,,,,,"Api-Api",,,"Jolo",,"Dabaw",,,,,,,,,,,"Kapingamarangi","Nan Madol",,,,,
,,,,,,,,,,,,,,,,,,,,,"Puerto Baquerizo Moreno",,,,,"Jocay","Kitu","^","^","Florencia","Mitú","São Gabriel da Cachoeira","São Gabriel da Cachoeira","Santa Isabel do Rio Negro","Barcelos","Caracaraí","Caracaraí","Oximiná","Óbidos","Monte Alegre","Santana","Macapá","Breves",,,,,,,,,,,,,,"Gawulun","Nzerekore","^","Bwake","Kumasi","Keta","Hulagan","Glexwé","Èkó","Benin","Igbo-Ukwu","Wukari","Banyo","Ngaoukor","Pala","Moundou","Sarh","N'Délé","Bria","Bayyu","Wau","Rumbek","Yirol","Sobat","Bonga","Nekemte","Barara","Walale","Harar","^","Maduuna","Garoowe","Xaafuun",,,,,,,,,,,,,,,,,"Vizhinjam",,"Yapanaya",,,,,,,,,,,"Kedah","Terengganu",,,,,,"Vijayapura","^","Sandakan",,,,,,,,,,,,,,,,,,,,,
,,,,,,,,,,,,,,,,,,,,,,,,,,"Ingapirka","^","^","Puerto Francisco de Orellana","San Lorenzo de los Tibilos","Leticia","São Gabriel da Cachoeira","Santa Isabel do Rio Negro","Santa Isabel do Rio Negro","Barcelos","Barcelos","Itapiranga","Oximiná","Óbidos","Monte Alegre","Almeirim","Portel","Belém","Castanhal","São Luís",,,,,,,,,,,,,"Barrobo","Gbogré-Djigbi","Krindjabo","Oguaa","Nkran",,,,"Warri","Arochukwu","Akwa Akpa","^","Abakwa","Meiganga","Bouar","Krébédjé","Bambari","Bängâsu","Zemio","Burekiwe","Yei","Gondokoro","Bor, Sudan","Jinka","Hirmata","^","^","Imi","Degehabur","Gaalkacyo","Eyl",,,,,,,,,,,,,,,,,,,,"Anuratapuram","Thirukonamalai",,,,,,"Kutaraja","Pasai",,,"Beruas","Pekan",,,,,"Marudi","^","Tawau",,,,,,,,,,,,,,,,,,,,,,"Tarawa"
,,,,,,,,,,,,,,,,,,,,,,,,,,,"Tumipampa","^","Bagua Grande","Yurimaguas","Iquitos","Tabatinga","Jutaí","Tefé","Maraã","Manacapuru","São José do Rio Negro","Itacoatiara","Parintins","Santarém","Altamira","Tucuruí","Mocajuba","Paragominas","Santa Inês","Parnaíba","Forte São Sebastião","Mossoró",,,,,,,,,,,,,,,,,,,,,"Duala","Ongola","Bertua","Bangi","Bokuda","Upoto","Bumba","Buta","Isiro","Aru","Gulu","Hoima","Kelem",,"Yabelo","Wajeer","Mandheera","Qalaafe","Mareeg","Hobyo",,,,,,,,,,,,,,,,,,,,"Gimhathitha","Senkadagala",,,,,,,"^","Medan",,,"Tumasik",,,"Sambas","Santubong","^","^","Kutai",,,"Gorontalo","Manado",,"Ternate",,,,,,,,"Lorengau",,,,,,,,
,,,,,,,,,,,,,,,,,,,,,,,,,,"Tumpis","Tukumi","^","Muyupampa","Requena","Benjamin Constant","Tabatinga","Jutaí","Tefé","Coari","Manicoré","Borba","Maués","Itaituba","Altamira","Altamira","Marabá","São Vicente do Araguaia","Imperatriz","Caxias","Oeiras","Crato","Campina Grande","Natal",,,,,,,,,,,,,,,,,,"Santa Isabel",,"Mang","Angone","Weso","Impfondo","Makanza","Basankusu","Isangi","Kisangani","Butembo","^",,"Mubende","^","Mumias","Nakuru","Gaarrisa","Bardhere","Marka","Muqdisho",,,,,,,,,,,,,,,"Malé",,,,,,,,,,,,,,,"Barus","Pannai",,,,,"Sukadana","?","?","Muara Teweh","Balikpapan",,"Palu",,,,,,"Manokwari",,"Biak","Jayapura","Wewak",,,,,,,,,,
,,,,"Atafu",,,,,,,,,,,,,,,,,,,,,,,"Chan Chan","Kashamarka","^","Pucallpa","Cruzeiro do Sul","Boca do Acre","Caruari","Lábrea","Lábrea","Humaitá","Apuí","Apuí","Itaituba","Novo Progresso","São Félix do Xingu","Miracema","Porto Real","Balsas","São Raimundo Nonato","Oeiras","Passagem","Caruaru","Recife",,,,,,,,,,,,,,,,,,,,"Mandji","Mayumba","Masuku","Monsol","Wangata","Boende","Opala","Riba Riba","Ngoma",,"Nyanza",,,"^","^","Lamu","Kismaayo",,,,,,,,,,,,,,,,,,,,,,,,,,,,,,,,"Pagaruyung","Dharmasraya","Jambi","Jambi",,,,"Ketapang","Pangkalan Bun","Kuta Lingga","Banjar Masih",,"Malangke","Poso",,,"Ambon",,"Wanin","Nabire","^","^","^","Madang",,"Kimbe","Simpson Harbour",,,,,,
,"Funafuti",,,,,,,,,,,,"Taioha'e",,,,,,,,,,,,,,"^","Wanakupampa","^","^","Atalaya","Rio Branco","Ingavi","Riberalta","Porto Velho","Porto Velho","Novo Aripuanã","Aripuanã","Juara","Alta Floresta","São Félix do Araguaia","Gurupi","Arraias","Campo Largo","Jacobina","Juazeiro","São Cristóvão","Penedo",,,,,,,,,,,,,,,,,,,,,,"Bwali","Kakongo","Nkuna","Bolobo","Dekese","Lodja","Kindu","Rusuzi","^","Kitega",,,"Getembe","Kajiado","Malindi",,,,,,,,,"L'Établissement",,,,,,,,,,,,,,,,,,,,,,,,,"^","Bengkulu","Palembang","Pangkalpinang",,,,,,,,"Makassar",,"Unaaha",,,,,,,"?","Mount Hagen","^","Morobe Harbour",,,,"Arawa",,,,
,,,,,,,,,,,,,,,,,,,,,,,,,,,"Waraq","^","Wankayuq","^","Puerto Maldonado","Cobija","Puerto Rico","Rurrenabaque","Guajará-Mirim","Forte Príncipe da Beira","Ji-Paraná","Comodoro","Diamantino","Sinop","Araguaiana","São Miguel do Araguaia","São José do Tocantins","Carinhanha","Caetité","Feira de Santana","São Salvador da Bahia",,,,,,,,,,,,,,,,,,,,,,,,"Mpinda","M'banza-Nsundi","Okango","Ilebo","Nsheng","Nyangwe","Bomani",,"^","Mwanza","Unyanyembe","^","Mombasa",,,,,,,,,,,,,,,,,,,,,,,,,,,,,,,,,,,,"^","Baturaja","Menggala",,,,,,,,,,,,,"Run",,"Dobo",,"Merauke","Daru",,"Port Moresby","Samarai",,,,,"Mungiki",,
,,,,,,,,,,,,,,,,,,,,,,,,,,,,"Itchyma","^","^","^","^","Puerto Maldonado","San Borja","Santa Ana del Yacuma","Magdalena","Vilhena","Vila Bela","Cáceres","Cuiabá","Poxoréu","Goiás","Santa Luzia","Januária","Montes Claros","Vitória da Conquista","Ilhéus",,,,,,,,,,,,,,,,,,,,,,,,"M'banza-Kongo","M'banza-Ngungu","M'banza-Mbata","M'banza-Mashita","Bakwanga","Katende","Kasongo",,"Ujiji","Urambo","Tabora","Arusha","Tanga",,"Zanzibar",,,,,,,,,,,,,,,,,,,,,,,,,,,,,,,,,,,,,,"Sundapura","Pekalongan","Jepara","Kahuripan",,,,"Dompo",,"Kupang",,,,,,,,,,,,,,,,,
,,,,,,,,,,,,,,,,,,,,,,,,,,,,"Inkawasi","Willkawaman","Willkapampa","Qusqu","Raqch'i","^","San Ignacio de Moxos","La Santísima Trinidad","Concepción de Santa Cruz","San Ignacio de Velasco","San Matías","Vila Maria do Paraguai","Cuiabá","Jataí","Goiânia","Caldas Novas","Paracatu","Diamantina","^","Porto Seguro",,,,,,,,,,,,,,,,,,,,,,,,"Mbanza-Bumbe","Mbwila","Kasongo Lunda","Mwaka Kumbana","Mai Munene","Mwimbele","Kiambi",,"Sumbawanga",,"Manyoni","Mpwapwa","Mzizima",,,,,,,,,,,,,,,,,,,,,,,,,,,,,,,,,,,,,,,"Banten","Pakuan Pajajaran","^","Yogyakarta","Dahanapura","Banger","Bedulu",,,"Waingapu",,,,,,,,"Thursday Island",,,,,,,,,,
,,,,"Aga'e",,,,,,,,,,,,,,,,,,,,,,,,,"Ika","^","^","Hatunqulla","^","^","^","Santa Rosa del Sara","San Miguel de Velasco","Puerto Quijarro","Corumbá","Coxim","Chapadão do Sul","Rio Verde","Uberaba","Araxá","Ouro Preto","^","Vitória",,,,,,,,,,,,,,,,,,,,,,,,"Lwanda","N'dalatando","Matamba","Saurimo","Musumba","^",,"Kanyembo","^","Mbande","^","Kalenga","Morogoro","Kilwa",,,,,,,,,,,,,,,,,,,,,,,,,,,,,,,,,,,,,,,,,,,,,,,,,,,"Crocodils Eijlandt","Port Essington",,,"Aurukun",,,,,,,,,"Makata",
,"Lautoka",,,,,,,,,"Taputapuatea",,,,,,,,,,,,,,,,,,,,"Mawk'allaqta","Ariqipaya","^",,"Tiwanaku","^","Chuqichaka","San José de Chiquitos","Puerto Suárez","Miranda","Campo Grande","Três Lagoas","Paranaíba","São José do Rio Preto","Ribeirão Preto","^","Juiz de Fora","Campos",,,,,,,,,,,,,"Jamestown, Saint Helena",,,,,,,,,,,"Kissonde","Bailundu","Kasanje","Lwena","Inshindi","Bunkeya","Mwansabombwe",,"Ng'wena","^",,"Songea","Masasi","Lindi",,,,,,,,,,,,,,,,,,,,,,,,,,,,,,,,,,,,,,,,,,,,,,,,"Kalumburu",,"Palmerston","Katherine","Numbulwar",,,"Kowanyama","Cooktown",,,,,,,,,
,,,,,"Alofi",,,,,,,"Mahina",,,,,,,,,,,,,,,,,,,,"Mukiwa","^","Pariya","Q'ochapampa","^","Fortín López de Filippis","Fuerte Borbón","Ponta Porã","Dourados","Nova Andradina","Presidente Prudente","Bauru","Campinas","São José dos Campos","Rio de Janeiro",,,,,,,,,,,,,,,,,,,,,,,,"Luombaka","Nganda-ya-Kawe","^","Bihe","Lwena","Balovale","Mwinilunga","Ndola","Mansa","Boma","Mzimba",,"Metangula","Lujenda","Mikindani",,,,,,"Diego-Suarez",,,,,,,,,,,,,,,,,,,,,,,,,,,,,,,,,,,,,,,,,"Lombadina","Wyndham","Kununurra","Timber Creek","Mataranka","Ngukurr","Borroloola",,"Karumba","Cairns",,,,,,,"Uvea",,
,,,"Mu'a",,,,,,,,,,,,,,,,,,,,,,,,,,,,,,"Ariaka","^","^","^","Fuerte Boquerón","Villa Occidental","Concepción, Paraguay","Iguatemi","Maringá","Castro","Sorocaba","São Paulo",,,,,,,,,,,,,,,,,,,,,,,,,,"Ndombe","Kalukembe","Wambu","Chitembo","Kovongo","Mongu","Mankoya","Ing'ombe Ilede","Katete","Chipata","Nkhotakota",,"Lichinga","Whampula","Ibo",,,,,"Mahajanga","^",,,,,,,,,,,,,,,,,,,,,,,,,,,,,,,,,,,,,,,,"Broome","Derby","Fitzroy Crossing","Halls Creek","Wave Hill","Daly Waters","Creswell","?","Burketown","Normanton","Ingham","Townsville",,,,,,,"Nouméa",
,,,,,,,,,"Avarua",,,,,,,"Rikitea",,,,,,,,,,,,,,,,,"Iki Iki","Lickan","^","Tastil","Rivadavia","Formosa","Asunción","Ciudad del Este","Foz do Iguaçu","Guarapuava","Curitiba",,,,,,,,,,,,,,,,,,,,,,,,,,,"Namibe","Lubango","Ondjiva","Menongue","Kwito Kwanavale","Sioma","Mwandi","Isamu Pati","Chedzugwe","Zvongombe","Mankhamba","Manthimba","^","Parapatho","Msumbiji",,,,"Besalampy","Marovoay","Louisbourg",,,,,,"Port Louis",,,,,,,,,,,,,,,,,,,,,,,,,,,,,,,,"Port Hedland","Condon","Marble Bar","Gingerah","?","?","Tanami","Tennant Creek","Avon Downs","Camooweal","Mount Isa","Cloncurry","Charters Towers","Mackay","Rockhampton",,,,,,,
,,,,,,,,,,,,,,,,,,,,"Hanga Roa",,,,,,,,,,,,,"Antofagasta","^","^","Sikuani","Santiago del Estero","Resistencia","Pilar","Encarnación","Oberá","Chapecó","Desterro",,,,,,,,,,,,,,,,,,,,,,,,,,,"Tombwa","Opuwo","Otavi","Otjivanda","Nkurenkuru","Nokaneng","Luhonono","Bambusi","Danangombe","Ziwa","^","Sena","Quelimane",,,,,,"Maintirano","Antananarivo","Tamatave",,,,"Saint-Denis",,,,,,,,,,,,,,,,,,,,,,,,,,,,,,,,"Onslow","Dampier","Cossack","?","Telfer","?","?","?","^","Ti-Tree","?","Ilperrelhelame","Boulia","Winton","Barcaldine","Emerald","Gladstone","Bundaberg",,,,,,
,,,,,,,,,,,,,,,,,,,,,,,,,,,,,,,,,"Qupayapu","^","Catamarca","Tucumán","Santiago del Estero","San Jerónimo del Rey","Corrientes","Trinchera de San José","São Miguel das Missões","Passo Fundo",,,,,,,,,,,,,,,,,,,,,,,,,,,,,"^","Okahandja","Otjivanda","Tsumkwe","Maun","Kasane","Domboshaba","Khami","Zimbabwe","Chimoio","Sofala",,,,,,"Morondava","Fianarantsoa","^",,,,,,,,,,,,,,,,,,,,,,,,,,,,,,,,,,,,,"Coral Bay","Paraburdoo","^","Mount Newman","?","?","?","?","Kintore","Stuart","Anatye","Bedourie","?","?","Charleville","Roma, Queensland","Kingaroy","Hervey Bay",,,,,,
,,,,,,,,,,,,,,,,,,,,,,,,,,,,,,,,,"Qulqi Tampu","^","La Rioja",,"Rafaela","Goya","Concordia","Alegrete","Santa Maria","Porto Alegre",,,,,,,,,,,,,,,,,,,,,,,,,,,,,"Ezorongondo","Otjomuise","Epako","Ghanzi","Kang","Letlhakane","Serowe","Bela-Bela","Mapungubwe","Thulamela","Manyikeni",,,,,,"Toliara","Ihosy","^",,,,,,,,,,,,,,,,,,,,,,,,,,,,,,,,,,,,,"Carnarvon","Meekatharra","Wiluna","?","?","Warburton","?","?","Docker River","Mutitjulu","Finke","Birdsville","Windorah","Quilpie","Wyandra","Dalby","Toowoomba","Brisbane",,,,,,
,,,,,,,,,,,,,,,,,,,,,,,,,,,,,,,,,"Kanannay","^","San Juan de la Frontera","Córdoba","Santa Fe de la Vera Cruz","Paraná","Concordia","Melo","Pelotas",,,,,,,,,,,,,,,,,,,,,,,,,,,,,,"Nomabeb","Uigandes","Mariental","Hukuntsi","Ntsweng","Moshaweng","Kaditshwene","KwaMnyamana","Moxomatsi","Mandlakazi","Inhambane",,,,,,,"Fort-Dauphin",,,,,,,,,,,,,,,,,,,,,,,,,,,,,,,,,,,,,,"Geraldton","Mount Magnet","Leinster","?","?","?","?","?","?","Coober Pedy",,"?","Tibooburra","Thargomindah","Cunnamulla","St. George, Queensland","Warwick","Nerang",,,,,,
,,,,,,,,,,,,,,,,,,,,,,,,,,,,,,,,,"Q'illu Uta","^","Mendoza","San Luis","Rosario","Concepción del Uruguay","Colonia del Sacramento","Montevideo",,,,,,,,,,,,,,,,,,,,,,,,,,,,,,,"Angra Pequena","^","Nu-gouses","Tsabong","Gasegonyane","Morokweng","Matlosana","Kweneng","Bulawayo","KaMpfumu",,,,,,,,,,,,,,,,,,,,,,,,,,,,,,,,,,,,,,,,,,,,,,"Cervantes","Northam","Merredin","Kalgoorlie","?","?","?","?","?","?","?","Marree","?","Bourke","Walgett","Moree","^","Coffs Harbour",,,,,,
,,,,,,,,,,,,,,,,,,,,,,,,,,,,,,,,,"Mapu Chuco","^","Tunuyán","Villa Mercedes","Fuerte El Petroso","Buenos Aires",,,,,,,,,,,,,,,,,,,,,,,,,,,,,,,,,,"O'okiep","Bassonsdrif","Griekwastad","Vooruitzigt","Mangaung","Makeleketla ","^","Durban",,,,,,,,,,,,,,,,,,,,,,,,,,,,,,,,,,,,,,,,,,,,,,,,"Perth","Coolgardie","Norseman","Cocklebiddy","Eucla","Nullarbor","Penong","Ceduna","?","?","Hawker","Cockburn","Cobar","Dubbo","Bathurst","Newcastle, New South Wales","Port Macquarie",,,,,,
"Whangarei",,,,,,,,,,,,,,,,,,,,,,,,,,,,,,,,,"Mapu Chuco","^","San Rafael","Santa Rosa del Toay","Azul","San Miguel del Monte","La Plata",,,,,,,,,,,,,,,,,,,,,,,,,,,,,,,,,,"Vanrhynsdorp","Calvinia","Graaff-Reinet","^","^","Queenstown","Mthatha",,,,,,,,,,,,,,,,,,,,,,,,,,,,,,,,,,,,,,,,,,,,,,,"Bunbury","Kinjarling","Hopetoun","Esperance",,,,,"Flinders","Cowell","Whyalla","Port Augusta","Broken Hill","Wagga Wagga","Canberra","^","Sydney",,,,,,,
,"Rangiriri",,,,,,,,,,,,,,,,,,,,,,,,,,,,,,,"Concepción","^","Zapala","Confluencia","Choele Choel","Río Colorado","Bahía Blanca","Mar del Plata",,,,,,,,,,,,,,,,,,,,,,,,,,,,,,,,,"Kaapstad","Swellendam","Oudtshoorn","Plettenbergbaai","Uitenhage","Grahamstown","East London",,,,,,,,,,,,,,,,,,,,,,,,,,,,,,,,,,,,,,,,,,,,,,,,,,,,,,,,,"Port Lincoln",,"Port Pirie","Mildura","Shepparton","Albury","^","Wollongong",,,,,,,
,"Rotorua","Gisborne",,,,,,,,,,,,,,,,,,,,,,,,,,,,,,"Fuerte Recabarren","^","Bariloche","Sierra Colorada","Las Grutas","Viedma",,,,,,,,,,,,,,,,,,,,,,,,,,,,,,,,,,,,,,,,,,,,,,,,,,,,,,,,,,,,,,,,,,,,,,,,,,,,,,,,,,,,,,,,,,,,,,,,,,,,"Adelaide","Horsham","Bendigo","^","Cooma","Eden",,,,,,,
"Whanganui",,,,,,,,,,,,,,,,,,,,,,,,,,,,,,,,"Valdivia","Puerto Montt","^","Esquel","Rawson",,,,,,,,,,,,,,,,,,,,,,,,,,,,,,,,,,,,,,,,,,,,,,,,,,,,,,,,,,,,,,,,,,,,,,,,,,,,,,,,,,,,,,,,,,,,,,,,,,,,,,"Warrnambool","Ballaarat","Melbourne","Traralgon",,,,,,,,
,"Te Whanganui-a-Tara",,,,,,,,,,,,,,,,,,,,,,,,,,,,,,,,"^","^","Paso de Indios","Camarones",,,,,,,,,,,,,,,,,,,,,,,,,,,,,,,,,,,,,,,,,,,,,,,,,,,,,,,,,,,,,,,,,,,,,,,,,,,,,,,,,,,,,,,,,,,,,,,,,,,,,,,,,,,,,,,,,
"Whakatu",,,,,,,,,,,,,,,,,,,,,,,,,,,,,,,,,"^","Coyhaique","Comodoro Rivadavia",,,,,,,,,,,,,,,,,,,,,,,,,,,,,,,,,,,,,,,,,,,,,,,,,,,,,,,,,,,,,,,,,"Port-aux-Français",,,,,,,,,,,,,,,,,,,,,,,,,,,,,,,,,,,,,,,,"Burnie","Launceston",,,,,,,,"Karamea"
"Te Kai-a-te-Karoro",,,,,,,,,,,,,,,,,,,,,,,,,,,,,,,,,,"O'Higgins","Cañadón León","Puerto Deseado",,,,,,,,,,,,,,,,,,,,,,,,,,,,,,,,,,,,,,,,,,,,,,,,,,,,,,,,,,,,,,,,,,,,,,,,,,,,,,,,,,,,,,,,,,,,,,,,,,,,,,,,,"Hobarton",,,,,,,,"^"
,,,,,,,,,,,,,,,,,,,,,,,,,,,,,,,,,"^","El Calafate","Río Gallegos",,,,"Stanley",,,,,,,,,,,,,,,,,,,,,,,,,,,,,,,,,,,,,,,,,,,,,,,,,,,,,,,,,,,,,,,,,,,,,,,,,,,,,,,,,,,,,,,,,,,,,,,,,,,,,,,,,,,,,"^","Karitane"
,,,,,,,,,,,,,,,,,,,,,,,,,,,,,,,,,,"Puerto Natales","Punta Arenas",,,,,,,,,,,,,,,,,,,,,,,,,,,,,,,,,,,,,,,,,,,,,,,,,,,,,,,,,,,,,,,,,,,,,,,,,,,,,,,,,,,,,,,,,,,,,,,,,,,,,,,,,,,,,,,,,"Piopiotahi","Pukekura"
,,,,,,,,,,,,,,,,,,,,,,,,,,,,,,,,,,,"Ushuaia","Rio Grande",,,,,,,,,,,,,"King Edward Point",,,,,,,,,,,,,,,,,,,,,,,,,,,,,,,,,,,,,,,,,,,,,,,,,,,,,,,,,,,,,,,,,,,,,,,,,,,,,,,,,,,,,,,,,,,,,,,,,,,,
,,,,,,,,,,,,,,,,,,,,,,,,,,,,,,,,,,,,,,,,,,,,,,,,,,,,,,,,,,,,,,,,,,,,,,,,,,,,,,,,,,,,,,,,,,,,,,,,,,,,,,,,,,,,,,,,,,,,,,,,,,,,,,,,,,,,,,,,,,,,,,,,,,,,,
,,,,,,,,,,,,,,,,,,,,,,,,,,,,,,,,,,,,,,,,"?",,,,,,,,,,,,,,,,,,,,,,,,,,,,,,,,,,,,,,,,,,,,,,,,,,"?","?","?","?","?","?","?",,,,,,,,,,,,,,,,,,,,,"?","?","?","?","?",,,"?","?",,,,,,,,,,,,,,,,,,,,,,,,
,,,,,,,,,,,,,,,,,,,,,,,,,,,,,,,,,,,,,,,"?","?",,,,,,,,,,,,,,,,,,,,,,,,,,,,,,,,,,,,,"?","?","?","?","?","?","?","?","?","?","?","?","?","?","?","?","?","?","?","?","?","?","?","?","?",,,,,"?","?","?","?","?","?","?","?","?","?","?","?","?","?","?","?","?","?","?","?","?","?",,"?","?","?","?",,,,,,,,,,,,,,,,,
