,,,,,,,,,,,,,,,,,,,,,,,,,,,,,,,,,,,,,,,,,,,,,,,,,,,,,,,,,,,,,,,,,,,,,,,,50,,,,,,,,,,,,,,,,,,,,,,,,,,,,,,,,,,,,,,,,,,,,,,,,,,,,,,,,,,,,,,,,,,,,,,,,,,,,,
,,,,,,,,,,,,,,,,,,,,,,,,,,,,,,,,,,,,,,,,,,,,,,,,,,,,,,,,,,,,,,,,,,,,,,,,,,,,,,,8,,,19,,,,,,,,,,,,,,,,,,,,,,,,,,,,,,,,,,,,,,,,,,,,,,,,,,,,,,,,,,,,,,,,,,,
,,,,,,,,,,,,,,,,,,,,,,,,,,,,,,,,,,,,,,,,,,,,,,,,,,,,,,,,,,,,,,,,,,,50,19,,,,,,,,,,,,,,,,,,,,,,,,,,,,,,,,,,,,,,,,,,,,,,,,,,,,,,,,,,,,,,,,,,,,,,,,,,,,,,,,,
,,,,10,,,,,,,,,,,,,,,,,,,,,,,,,,,,,,,,,,,,,,,,,,,,,,,,0,,,,,,,,,,,,,10,,,,,,,,,8,29,,,,,,,,40,,,,,,,,,,,,,,,,,,,,,,,,,,,,,,,,,,,,,,,,,,,,,,,,,,,,,,,,,,,,,,,,,,
,,,,,,,,,,,,,,,,,,,,,,,,,,,,,,,,,,,,,,,,,,,,,,,,,,,,,,,,,,,,,,,,,,,,,,,,0,,,,,,,,,,,,,,,,,,,,,,,,,,,,,,,,,,,,,,,,,,,,,,,,,,,,,,,,,,,,,,,,,,,,,,,,,,,,,
,,,,,,,,,,,,,,,,,,,,,,,,,,,,,,,,,,,,,,,,,,,,,,,,,,,19,,,,,,,,,,,,,10,,,29,,,5,,,,,,,,,,29,,,,,,19,,,,,,,,,,,,,,,,,,,,,,,,,,,,,,,,,,,,,,,,,,,,,,,,,,,29,,,,,,,,,,,,
,,,,,,,,,,,,,,,,,,,,,,,,,,,,,,,,,,,,,,,,,40,,,,,,,,,50,,,,,,,,,,,,,,,0,,,,,,,18,,,,,,,,,,,,,,,,,,,,,,,,,,,,,34,,,,,,,,5,,,,,,,,29,,,,,,,,,,,,,,18,,,,,,,,,,,,,,,,,,
,,,,,,,31,,,,,,,31,30,,,,,,,,,,,,,,,,,,,,,,,,,,12,,,,,,,,,,,,,50,,,,,,,,,50,,,,,,,,5,40,,,,7,18,,5,,11,9,,,,,,,29,,,,18,,10,,4,,,,,10,,,,,,,29,,,40,,,,,,,,,,,30,,,,,30,,,,,,31,,,,44,,,,,,,,,,,
,,,,,,,,,,,,,,,,,,,,,,,,,,,,,,,,,,,,,,,,50,,,,,,,,,,,,,,,,,,,,,,,,,,,,19,,,8,,,,,,,,,,,,,,,,,16,,,,,,,,29,,5,,,,,,,10,,,,,,,,,,,,,,,,,,,,,,,,4,,,,,,,,,,,,,,,,,,,,
,,,,18,,,,5,,,,,,,,,,,,,,5,,,,,,,,,,,,,,,,,,,,,1,,,,,,,,,,,,,16,,,10,,,,,,,,,,,,,,,,19,,,,,,,,8,,,,29,,,,42,,,,,,8,,,,,18,,,,,,,,,,,,,,7,,,,40,,,,,,,,,,,,,,,,,,,,,,,,,,,,,
,,,,,,,,34,,,,,,,29,,,,,,,,,,,,,,,,,,,,,,,,,,,,,,,,,,,,,,,,,,,,,,,,,,,,,,,,,,,11,,,,,16,,,,18,0,,,,,,,,,,0,42,,,,29,,,,,,,,,,,,,,,,,,,,,,,,,,31,,,,,,,,,,,19,,,,,,,,,,,,,
,,,17,,,,,,,,,,,,,,,,,,,,,,,,,,,,,,,,,,,,,,,,,,,,,,,,,,,,,,23,,19,,,,,,,,,1,,8,,,,,,1,,,,,,,,29,16,,,42,23,,,,,,,,,,,,,,,10,,,,8,,,,29,,12,,,,,,,,,,,,,,,,,,,,,,,,,,,,,,,,,,,
,,,,,,,,44,,,,,,,,,12,,,,,,,,,,,,,,,,,,40,,,,,,,,,,,,,,,,,,4,,,,8,4,,,,,,,,16,,,19,,,,,19,1,,24,,,,,,,,,,23,,,,,,,,,,18,,,,16,,29,,,,,24,,,,,,,,,,8,,,,,,,,,,29,,,,,,,,,,,,,,,,,,,,,
,,,,,,,,,,,,,,10,,,,,,,,,,29,,,,,,,,,,,,,,,,,,,,,,,,,,,,,,16,,,,,,,,14,,,19,,,,,,,,,1,,,,,,,,,,,,,,,,,,,35,10,,5,,35,,,,,,,,,,,23,,4,,,5,,,,,,,29,,,,,,,,,,,,,,,,4,,,,36,,,,,,,,
,,,,,,,,,,,,,29,,,,,,29,1,,,,,,,,,,,,,,0,8,,,,,,,,,,,,,,,,,,23,,,11,42,23,,19,,,,,,,,,,,,,,,,,,,20,,,,,,,,,,,,,,,7,,,12,,,,,,,7,,,,,,,,34,,,,,42,,,,,16,,,,,,,,,29,,18,8,,,,18,,,,,,,,,,,
,,,,,,19,,,31,,4,,,,10,,,,,,,,,,,,,,,,,,,,,,,,,,50,,,,,,,,,,,,,,,4,7,,,,,,24,,,7,42,0,,,,,,,,,,,,,42,18,,,,,,,,,,,,,11,,8,,,,16,,,,,,,,,0,,,,,,,,,,,,,,,12,,4,,,,,36,,,,,,,,,,,,,,,,,
,,,,,,,,,,,,,,,,,,,,,,5,,31,,,,29,,,8,29,,19,,,,,,,,,,,,,,,,,,,,,,,,,,,,4,,,4,,,,,,,5,16,24,,,7,,,,,,,,,,,,,,,,,23,,,5,,,,12,,,4,,,24,,44,,,,,,,,,,,7,,,,,,18,,,7,,,,,,,,,,,,,,50,,,,,,
,,,,,,,4,,,,,,,4,,,,,,,,,,,,40,,,0,,,,,,29,,,,,,,,,,,,,,,,,,,,,,,,,,,,,,,,,18,24,12,8,,4,,,,,18,,,,16,,,,,,,7,,,,,,,,,,,0,,,,,,,,,,,,,,,,,,12,23,4,,,,,,,,,,,,,,,,,,,,,,,,,,,,,
,,,,,,,,,,,,,,,,,,,,8,,,,,,5,44,,,,,,,,,,,,,,,,,,,,,,,,,,,,,,,,16,,24,,8,20,8,,,,,,,,,,,42,,,,,24,12,,,,,4,,,,,,,42,,8,40,,,,,,5,,34,,,,,,,,,5,,,,,,,,,,,,,,,,,,4,,,,,,,40,,,,,,,,,,
,,,,,,,19,,18,,,,,,,,10,,,,,,,5,,,,15,,,,,,,,,4,,,,,,,,,,,,,,,,,,,,,,,,,,,,,24,,,,42,24,,,8,,,,,,,,,,,,,,23,,35,,,,,,,,,,,,,,,,,,,10,,,,,,,23,,,,,,,,,,,,,35,10,4,,,,,,,,,,,,,,,,,,
,,,,,,,,,,,,,5,,,,,,,,,8,,,,42,,,,,9,,,,,,,,,,,,,,,,,,,,,,,,,,,,,,,,,4,,11,16,,,4,,,,,,,,,,,,,7,,14,,,,,,,,,,,,,,,,,,,,,,,2,,,,,,,,,,,,,,,,,,4,,7,,,,,,,,,,,,,,,,,,,,,
,,,,,,,,,,,,,,36,,4,,,,,15,,,,,,,,,42,,,,,,,19,,,,,,,,,,,,,,,,,,,19,,,42,,,,,,,,,,,,,20,7,23,31,18,,49,,,,,,,,,,,,,,19,,10,,,,,,,,,38,,,23,,,,,,27,2,,,,,,,,40,,,40,34,,35,,,18,,,,,50,,,,,4,,50,,,,,,,
,,,,,,,,,,,,,,,9,,36,,,,,,8,,15,,,,4,8,,,,17,,,,,,,,,,,,,,,,,,,,,,,,,,7,12,,,,,,24,,,,,,,,,10,,,,,,,,,,,,,,,10,,,,,,,11,,7,,44,,,,,,,,,,,,,27,,,,,23,,,4,,23,,,,,45,8,17,,,,,,,,,,,,,,,,,
,,,,,,,,,,,5,,,12,,,10,,,,,,,,,,11,,,,,14,,,,,,,,,,,,,,,,,,,,,,,,,,,,,,0,,,,,9,49,,14,,,5,,,,,,,19,,,,,,,,,,,,,,,,,,,,27,,,42,,,,2,,,,,,6,,,,,,,,,,7,,,42,,,,,4,,,,,,,,8,,,,,,,,,,
,,,,,,19,,,,,,11,,,,,,,,,,15,,,,,4,,,,1,19,50,,,,,,,,,,,,,,,,,,,,,,14,,,,,,,23,,,,,,11,8,,,,,0,,8,,,,,,23,45,,,14,,49,,,,,,,42,27,,,23,,2,35,40,,,,,,,,,,,,,,,40,,,,24,43,,,,19,,,20,,31,,,,,,0,43,22,19,,,,,,,,
,,,,,,,,,,,,,,,,,15,,,,,,,,48,9,,48,,,,,,,,,,,,,,,,,,,,,,,,,,,,9,,,,,,,,,14,,,20,,,,,,,23,,37,14,,11,4,,,,,,,,28,8,,10,,,10,,35,,,,,,,,34,,,34,,,,,,,,,,5,,,,,,0,24,28,,,,,,,28,,,,5,,,,,,,,,,,,
,,,,,50,,40,,,,,,,40,,,,,,,,18,,,4,,,,,17,,,,,,,,,,,,,,,,,,,,,,,,,31,,16,8,,23,,,,,,,,,,,,14,,,,,,,,37,,,24,7,,,,36,,,37,,,,,,,,7,,,38,,,,6,,,,,,,,10,42,,,,,,,20,,,5,,,,,19,,22,,,,22,,,11,,,19,,,,,,,
,,,,,,,,,,,,30,,,,,,,,,0,,48,8,,,,48,,,,,,,,,,,,,,,,,,,50,,,,,,,,,,,24,,,,,19,,,23,19,,,,49,37,,37,9,,,,,,38,,42,,,,,,,,,18,,,,30,6,,,,30,,,,,,,,,,,,,,,,23,,8,,,,,,,,11,,,,43,,,,44,19,,47,17,,,,,,,,,,
,,,,,,,,,10,,11,,,,4,,,,,,,,,,,,,,,,,,,,,,,,,,,,,,,,,,,,,,17,49,7,,,,44,37,,,,,,4,,,14,,,,,,44,,,,,9,,,,,,,,37,5,,,,,24,,,27,38,4,,,,23,,,,,2,,,,,,,7,,,,,,24,,,,,20,,34,19,,,,39,,,5,28,,,,,,,,,,,,
,,,,,,,19,14,,,,5,,,,42,10,,,18,,,42,,,,,17,,,,,,,,,,,,,,,,,,,,,,,,19,,,,5,,7,,,,,,,,,,,,28,,,,5,49,,,,,19,,,,,,,,,,38,,,,,2,23,,,,44,,45,,,,,,,,,,,,,,,5,,4,,,34,43,18,12,,,,,39,,,,,31,,,,,,,,,,,,,,
,,,,,,,,,,,,18,,30,,,,,15,,,,,,,,,,,,,,,,,,,,,,,,,,,,,,,,,,,42,37,,,11,,,,,19,,,,19,,24,,,,,,,19,,,,,,,5,,49,24,7,10,,9,,,10,6,,,,,,,11,,42,,,,,,,31,,,42,16,,,,,20,43,,,,,,,22,,,,,,14,,,,,,,,,,,,,,,,
,,,,,,,,,,,,,,,,,,,,,,,17,,,,,,,,,,,,,,,,,,,,,,,,,,,,,,,,17,49,,,,,28,,,,11,49,,,,37,,,,,,,49,,,,,,14,,38,,,23,,24,,,,7,,,45,,,27,24,46,,,,,,,,,32,,,32,,,22,40,,24,42,,22,,,,43,,,,,,,,,,,,,,,,,,,,,,
,,,,,,,,,42,,14,,,44,,4,,,,19,10,,,,,,,,,,,,,,,,,,,,,,,,,,,,,,,,,,,,,28,,,,9,,,,,23,28,,,,,,,,,,,,,,,28,,,8,,,,11,,,23,28,,40,38,,,,,,16,,33,28,16,,,,,23,,,,,,,,,,4,,,,,,,,,,,,,,50,,,,,,,,,,,,,
,,,,,,,,,39,,,,,,,,,,,,,,,19,,,14,,,,17,,,,,,,,,,,,,,,,,,,,,,,,,,,,,37,,,,10,,33,,,,,,,28,,,14,,,,,,,,,23,,,,,,,,,,45,,,18,,,,,,,,24,,,,,,,,,,,,,22,,,,47,,,,46,,,,,39,,,,,,,,,,,,,,,,,
,,,,,,,,,,,,,,,,,,45,,,,,,,48,,,,,,42,,,,,,,,,,,,,,,,,,,,,,,,17,,,33,,,7,,,,,42,,24,,6,,,,,,19,,,,,,,,,42,,,,,,,,8,,,,,,,,,2,,5,,,46,,28,,22,47,,47,,,,47,,5,,,0,,,,47,,,,,,,,,,,,,,,,,,,,,,
,,50,,,,,,,,,,,,25,,44,36,15,,,10,,15,,,,,,,,,,,,,,,,,,,,,,,,,,,,,,,,,49,,6,,,,,,,,,,,,,,,,45,,,,,24,,,,,,11,,,,,,10,,6,49,,,,,6,,,,,9,,,,,,,,,,3,7,,1,16,,,,,,40,46,11,,,,46,,,,,,,,,,,,,,,,,,,
,,,,,,,,,50,,,,17,,,32,,45,,,17,41,28,,,,,,,,,1,14,,,,,,,,,,,,,,,,,,,,,,,,,,,,,,,,,,,,,2,,,42,,,,42,11,,,,,,,,,,,,,,,,33,,,,,,,42,,,35,27,,30,33,,4,,,,,,34,22,30,9,,47,3,4,,,,,,,,,,,,,,,,,,,,,,,,,,
,,,,,,,,,,,,,,,34,31,,15,41,,15,,25,,,,,,,14,,31,,,,,,,,,,,,,,,,,,,,,,,,8,,,,2,,,,,,,,10,,,,,,10,,,,,28,7,,,,,,,,,6,10,,39,,10,,,,19,,,27,,,,,32,,8,12,,,22,,,,,,34,,,,,,,,,,,,,,,,,,,,,,,,,,,,,,,
,39,,,,,,,,,,,,,,,,,28,11,25,,,,,,,,17,,,,,,,,,,,,,,,,,,,,,,,,,,,,42,,,,,,,,,,,,,,,,10,,,,,,,,,,,,,,2,6,,,2,,10,,,,39,,,,,39,28,,,,,5,3,0,27,28,,,,,30,33,,32,,,14,,,,,,,,,,,,,,,,,,,,,,,,,,,
,,,,,,,,,,,,,,,,,19,,,,,,36,44,,,,,,,,,,,,39,,,50,,,,,,,,,,,,,,,,,,,,42,,,,,,,,18,,,,,,,,,,,,9,24,,5,,,,,,,,,,,,,5,,,,,,,,,16,,30,,,32,,,19,,,,47,45,31,,,20,,,,,,,,,,,,,,,,,,,,,,,,,,,,
,,,,,,,,,,,,,,,,,,,,,,34,,,,,,,,,,,39,,,,,17,,,,,,,,,,,,,,,,,5,,,,,6,11,,,,,12,,,,,,,,,,,,,27,,,31,,,,,,32,,,6,,10,6,,32,14,,,,,,,,22,27,,,,46,,,,,,,,,46,,,,,,17,,,,19,22,46,,,,,,,,,,,,,,,,,,
,,,,,,,,,,,,,,,,,,,,,,,,,25,,,,,,,,,14,,10,,,,,,,,,,,,,,,,,,,,,,,,,27,,42,5,,,,,,,,42,,,,,,,,,28,32,,,,,,,,,,,,,,,,,,,,,,30,33,,16,8,,,,,,,19,,,,,42,22,,28,8,,,,,,,8,,,,,,,,,,,,,,,,,,
,,,,,,,,,,,,,,,,,,,,,,19,,,,,,,,,,21,,,48,,,,,,,,,,,,,,,,,,,,,,,,2,,,,,,,,,42,,2,,,,,,,,33,,,,,,,,,,,,32,,,,,,,,,,,,17,13,32,,,,30,,19,,,,,,,14,3,,33,,,43,,,,,,,,,46,,,,,,,,,,,,,,,,,
,,,,,,,,,,,,,,,,,,,,,,,,,,,39,,25,4,10,,,,10,,,,17,,,,,,,,,,,,,,19,,22,31,,,,35,,,,28,,23,,,,,,,,,,,,,,35,33,,,36,,,,23,,35,,,,,,,,,,,,,,45,35,45,46,,,,,,,,,,,,,30,,11,45,0,,,,10,,39,,,,,,,,,,,,,,,,,,,
,,,,,,,,,,,,,,,,,,,,,,,,,,,,,42,15,,,,,8,,,,,,,,50,,,,,,,,,,,,,,,,,,33,,,35,,,,,,,,7,,,,,,,,,,,,,16,,39,26,,,,,,,,,,,,,,,,,,31,,,19,,,,,,,,,45,17,,13,22,,14,,,,,,,50,,,,,,,,,,,,,,,,,,
,,,,,,,,,,,,,,,,,,,,,,,,,,,,,30,,,,,,,,,,,,,,,,,,,,,,,,,,,,31,,16,,,,,33,,,,16,,,,,,16,,,,16,,,,,,,,42,,,,,,,,,,,,,,,,,,,0,,,,,,,,,,,,,32,,,19,,,,,,,,,,,13,31,,,,,,,,,,,,,,,,
,,,,,,,,,,,,,,,,,,,,,,,,,,,,31,,,30,,,,,,,,0,,45,,,,,,,,,,,,,,,30,0,,,31,,,,,27,8,,28,,35,,,33,,,,,10,,,26,23,,,35,,,,,,,,,,,,,,,,,,,39,40,22,,,,,,,,,,,,46,,,,,,,19,10,,,,5,,,,,,,,,,,,,,,,,,,
,,,,,,,,,,,,,,,,,,,,,,,,,17,28,,,,,41,,,,,,,,,,,,,,,,,,,,,,,,,,,,,33,31,,,,,,,,,5,,,,30,,,,,,,,,,16,26,,,,32,,,,,,,,,,,,,,,,,,,45,,19,,,,,,,,,45,33,,,,,,,,33,,,14,,,,,,,,,,,,39,,,,,,
,,,,,,,,,,,,,,,,,,,,,,,,,,,,,10,,,,,,41,,45,,,,,45,,,,,,17,,,,,,,,,,45,,,,,,,,,10,,,,,,,,,,,,,,26,,,,,32,2,,,,,,,,,,,,,,,,,,,,39,,,,,,,,,,19,,,28,,,,,,,,,,,,,,,,,,,,,,,,,,,,,
,,,,,,,,,,,,,,,,,,,,,,,,,,,25,,,,,,,,,41,,,41,,,,,21,,,,42,,,,,,,,,,,,,,,17,,10,19,,,,,,,,,,,31,,,8,,,,,,,,,,,,,,,,,,,,,,,,,,,,30,8,,,,,,,,45,,,,14,,,32,,,5,,,,,,45,,,,,,,,,,,,,,,,
,,,,,,,,,,,,,,,,,,,,,,,,,,27,,,,41,,,,,10,,25,,,,,0,,,,,,,,,,,,,,,,,,,,,,,,,,10,,,,,,,,,,,,,,16,,,7,32,,19,,,,,,,,,,,,,,,,,,,,,,,,,,,,,31,46,,,,,,,,30,,,31,,,14,,,,,,5,,,,,,,,,,,
,,39,,,,,,,,,,39,,,,,,,,,,,,,,14,,28,,,,41,,,,,,,,,8,,,,,,,,,,,,,,,,,,,,,,,,,,,,8,,,,,,33,,40,,42,19,,,,,,,,,,,,,,,,,,,,,39,,,,,,,,,,,,,,,,,33,,10,,,,45,,,4,,,8,,,45,,46,,,,,,,36,,,,,,,
,,,,,,,,,,,,,,,,,,,,,,,,,,,,,,,,,,,,,,,,,,,,,,48,,,,,,,,,,,,,,,,,,,,,,,,,33,5,,,,,,,33,,,31,,,,,,,,,,,,,,,,,,,,,,,,,,,,,,,,,,,,,4,,,,,,,,,17,,,,,39,,,,,20,,,13,,,,5,,,,
,,,,,,,,,,,,,,,,,,,,,,,,,,,21,,23,,10,,,,,25,,,,,,,,,12,,,,,,,,,,,,,,,,,,,,,,,,10,,42,,,,,,,,,,,,,,,,,,,,,,,,,,,,,,,,,,,,,,,,,,,,,,,,,13,,,,,,,,,,,,,,45,,,,,,,,31,,,,,,,
,,,,,,,,,,,,,,,,,,,,,,,,,,,,,,,,,,,,,,,,,,,,,30,,,,19,,,,,,,,,,,,,,,,,,,,,,,27,,,8,42,,,42,,30,,,,,,,,,,,,,,,,,,,,,,,,,,,,,,,,,,,,,,,14,,,,22,13,,,14,,,,,,,,,,,,,,,,,,,,,
,,,,,,,,,,,,,,,,,,,,,,,,,,50,,,31,44,,23,,21,,,,,,,15,,40,8,31,,28,,,,,,,,,,,,,,,,,,,,,,,,,,,,,4,40,,,,,,,17,,,,,,,,,,,,,,,,,,,,,,,,,,,,,,,,,,,,,,28,,,,11,22,,39,50,32,,,,,,,,,,,,,,,,,,
,,,,,,,,,,,19,,,,,,,,,,,,,,,,17,,21,,,15,,,,10,,,,,,,0,,,,11,,,,,,,,,,,,,,,,,,,,,,10,,,40,,,5,,19,,,31,,18,27,,,,,,,,,,,,,,,,,,,,,,,,,,,,,,,,,,,,,,,,19,,,,,,,,,,,,,,,,,,,,,,,,,,
,46,19,,,,,,,,,,,,,,,,,,,,,,,,,,,,,,,,11,,,44,8,,,,,,,,,,,,,,,,,,,,,,,,,,,,,,,,19,,30,,,,12,,,,,,,,,1,,,,,,,,,,,,,,,,,,,,,,,,,,,,,,,,,,,,,,,,,,,,,10,,,,,,12,,,,0,,,,,,,,,
,,,,14,,,,,,,39,,,,,,,,,,,,,,,,,,,,,,,23,44,,,,,,,48,,,,,,,,,,,,,,,,,,,,,,,,,,,,,,,,,,5,30,,,,,,,,,,,,,,,,,,,,,,,,,,,,,,,,,,,,,,,,,,,,,,,,,,,,39,,,8,,0,,,,,,,,,,,,,,,
,,,,,,,,,,,,,,,,,,,,,,,,,,,,,,19,,,5,,,,,,21,47,,15,,,,17,,,,,,,,,,,,,,,,,,,,,,,,,8,,,,,,,33,,,,,44,,,,,,40,,,,,,,,,,,,,,,,,,,,,,,,,,,,,,,,,,,,,50,,,,,,,30,,,,,,,13,,,,,,,,,
,,,,,,,,,,,,,,,,,,,,,,,,,,,,,,,50,,,,,40,,,,,,,,,,,10,,,,,,,,,,,,,,,,,,,,,,,,,,,,,,,31,,35,31,,,,,,,,,,,50,,,,,,,,,,,,,,,,,,,,,,,,,,,,,,,,,,,,,,,,,,,,,5,,,46,,,,,,,,,
,,,,,,,,,,,,,,,,,,,,11,,,,,,,,,,,,,44,,,,,,,,,4,,,,,,,,,,,,,,,,,,,,,,,,,,,,,,,,,,,33,11,,,,,,,,,,,,,,,,,,,,,,,,,,,,,,,,,,,,,,,,,,,,,,,,,42,,,,,,,,40,,,44,,,,,,14,,,,,
,,,,,,,,,,,,,,,,,,,,,,,,,,,,,,,,,5,,,,,,,47,,,,,,,,,,,,,,,,,,,,,,,,,,,,,,,,5,,,,,23,30,,40,,,19,,,,,,,,,,,,,,,,,,,,,,,,,,,,,,,,,,,,,,,,,,,,8,,,,,,,,,,,,,,4,,,,,,,,
,,,,,,,,,,,,,,,,,,,,,,,,,,,,,,,,,11,,42,,,,,,,,,,,,,,,,,,,,,,,,,,,,,,,,,,,,12,,,,30,,,,,,,,,,,,45,,,,,,,,,,,,,,,,,,,,,,,,,,,,,,,,,,,,,,,,,,,,,,,,,,,,,,,,,,,,,,
,,,,,,,,,,,,,,,,,,,,,,,,,,,,,,,,,,,,,,,,,48,,,,,,,,,,,,,,,,,,,,,,,,,,,,,17,,,,,,16,,,4,,,,,,,,,,,,,,,,,,,,,,,,,,,,,,,,,,,,,,,,,,,,,,,,,31,40,,,,,,,,,,,,,,,,,,,,
,,,,,,,,,,,,,,,,,,,,,,,,,,,,,,,19,,,,,,,,,,,,,,,,,,,,,,,,,,,,,,,,,,,,,,,,30,,,,,8,12,31,0,,,,,,,,,,,,,,,,,,,,,,,,,,,,,,,,,,,,,,,,,,,,,,,,0,,,,,,,,,,,,,,30,,4,,,,,,
,,,,,,,,,,,,,,,,,,,,,,,,,,,,,,,17,,,,,,,,,,19,,,,,,,,,,,,,,,,,,,,,,,,,,,,,,,40,5,,,,31,,,17,,,,,,,,,,,,,,,,,,,,,,,,,,,,,,,,,,,,,,,,,,,,,,,,32,,,,,,,12,,30,44,,,,,,,,,,,
1,,,,,,,,,,,,,,,,,,,,,,,,,,,,,,,,,,,,,,,,,,,,,,,,,,,,,,,,,,,,,,,,,,,,,,,,,23,,30,,,,,,,,,,,,,,,,,,,,,,,,,,,,,,,,,,,,,,,,,,,,,,,,,,17,,,,,,,,,,,8,,,,,,,,,,,,,
,,,,,,,,,,,,,,,,,,,,,,,,,,,,,,,,,,12,,,,,,,,,,,,,,,,,,,,,,,,,,,,,,,,,,,,50,,,,,,,,,,,,,,,,,,,,,,,,,,,,,,,,,,,,,,,,,,,,,,,,,,,,,,,,,,,,,,,,,,,42,,,31,,,,19,,,,,
,21,36,,,,,,,,,,,,,,,,,,,,,,,,,,,,,,,,5,,8,,,,,,,,,,,,,,,,,,,,,,,,,,,,,,,,,,,,,,,,,,,,,,,,,,,,,,,,,,,,,,,,,,,,,,,,,,,,,,,,,,,,,,,,,,,,,,,,,,,,,,,,,,,,,,,,,
,,,,,,,,,,,,,,,,,,,,,,,,,,,,,,50,,,36,,,,,,,,,,,,,,,,,,,,,,,,,,,,,,,,,,,,,,,17,,,,,50,,,,,,,,,,,,,,,,,,,,,,,,,,,,,,,,,,,,,,,,,,,,,,,,,,,,,,,,,,19,,,,,,,,,,,,,,10
,,,,,,,,,,,,,,,,,,,,,,,,,,,,,,,,,,,10,,,,,,,,,,,,,,,,,,,,,,,,,,,,,,,,,,,,,,,,,,,,,,,,,,,,,,,,,,,,,,,,,,,,,,,,,,,,,,,,,,,,,,,,,,,,,,,,,,,,,50,,,,,,,,,,,,,
,,,,,,,,,,,,,,,,,,,,,,,,,,,,,,,,,,,,,,50,,,,,,,,,,,,,,,,,,,,,,,,,,,,,,,,,,,,,,,,,,,,,,,,,,,,,,,,,,,,,,,,,,,,,,,,,,,,,,,,,,,,,,,,,,,,,,,,,,,,,14,,5,,,,,,,,4
,50,,,,,,,,,,,,,,,,,,,,,,,,,,,,,,,19,,4,,,,,,,,,,,,,,,,,,,,,,,,,,,,,,,,,,,,,,,,,,,,,,,,,,,,,,,,,,,,,,,,,,,,,,,,,,,,,,,,,,,,,,,,,,,,,,,,,,,,,,,,,,,,,,,,,,,
,,,,,,,,,,,,,,,,,,,,,,,,,,,,,,,,,,,,,,,,,,,,,,,,,,,,,,,,,,,,,,,,,,,,,,,,,,,,,,,,,,,,,,,,,,,,,,,,,,,,,,,,,,,,,,,,,,,,,,,,,,,,,,,,,,,,,,,,,,,50,,,,,,,,,,
,,,,,,,,,,,,,,,,,,,,,,,,,,,,,,,,,,,,,19,,,,,,,,,,,,,,,,,,,,,,,,,,,,,,,,,,,,,,,,,,,,,,,,,,,,,,,,,,,,,,,,,,,,,,,,,,,,,,,,,,,,,,,,,,,,,,,,,,,,,,,,,,,,,,,34,
,,,,,,,,,,,,,,,,,,,,,,,,,,,,,,,,,,,,,,,,,,,,,,,,,,,,,,,,,,,,,,,,,,,,,,,,,,,,,,,,,,,,,,,,,,,,,,,,,,,,,,,,,,,,,,,,,,,,,,,,,,,,,,,,,,,,,,,,,,,,,,,,,,,,,
,,,,,,,,,,,,,,,,,,,,,,,,,,,,,,,,,50,,,,,,,,,,,,,,,,,,,,,,,,,,,,,,,,,,,,,,,,,,,,,,,,,,,,,,,,,,,,,,,,,,,,,,,,,,,,,,,,,,,,,,,,,,,,,,,,,,,,,,,,,,,,,,,,,,,,
,,,,,,,,,,,,,,,,,,,,,,,,,,,,,,,,,,,,,,,,,,,,,,,,,,,,,,,,,,,,,,,,,,,,,,,,,,,,,,,,,,,,,,,,,,,,,,,,,,,,,,,,,,,,,,,,,,,,,,,,,,,,,,,,,,,,,,,,,,,,,,,,,,,,,
,,,,,,,,,,,,,,,,,,,,,,,,,,,,,,,,,,,,,,,,,,,,,,,,,,,,,,,,,,,,,,,,,,,,,,,,,,,,,,,,,,,,,,,,,,,,,,,,,,,,,,,,,,,,,,,,,,,,,,,,,,,,,,,,,,,,,,,,,,,,,,,,,,,,,
