1482752,1482752,1482752,1482752,1482752,1482752,1482752,1482752,1482752,1482752,1482752,1482752,1523717,1482752,1523717,1523717,1523717,1523717,1523717,1482752,1482752,1523717,1482752,1482752,1482752,1482752,1523717,1523717,1523717,1523717,1523717,1523717,1523717,1523717,1482752,1482752,1482752,1482752,1482752,1482752,2670737,2670737,2670737,2670737,2670737,2670737,2670737,2670737,2670737,2670737,1482752,1482752,1482752,1482752,1482752,1482752,2670737,1482752,1482752,1482752,1482752,1482752,1482752,1482752,1482752,1482752,1482752,1482752,1482752,1482752,1482752,1482752,1482752,1482752,1482752,1482752,1482752,1482752,1482752,1482752,1482752,1482752,1482752,1482752,1482752,1482752,1482752,1482752,1482752,1482752,1482752,1482752,1482752,1482752,1482752,1482752,2867369,2867369,2867369,2867369,2867369,1482752,1482752,1482752,1482752,1482752,1482752,1482752,1482752,1482752,1482752,1482752,1482752,1482752,1482752,1482752,1482752,1482752,1482752,1482752,1482752,1482752,1482752,1482752,1482752,1482752,1482752,1482752,1482752,1482752,1482752,2867369,1482752,2867369,1482752,1482752,1482752,1482752,1482752,1482752,1482752,1482752,1482752,1482752,1482752,1482752,1482752,1482752,1482752,1482752
1482752,1482752,1482752,1482752,1482752,1482752,1482752,1482752,1482752,1482752,1482752,1482752,1482752,1482752,1482752,1482752,1523717,1523717,1523717,1523717,1482752,1523717,1482752,1523717,1482752,1482752,1482752,1523717,1523717,1523717,1523717,1523717,1523717,1523717,1523717,1482752,1482752,1482752,1482752,2670737,1482752,2670737,2670737,2670737,2670737,2670737,2670737,2670737,2670737,1482752,1482752,1482752,1482752,1482752,1482752,1482752,1482752,1482752,1482752,1482752,1482752,1482752,1482752,1482752,1482752,1482752,1482752,1482752,1482752,1482752,1482752,1482752,1482752,1482752,2891948,2891948,2891948,2891948,2891948,2891948,2891948,1482752,1482752,1482752,1482752,1482752,1482752,1482752,1482752,1482752,1482752,1482752,1482752,1482752,1482752,2867369,2867369,1482752,1482752,1482752,1482752,1482752,1482752,1482752,1482752,1482752,1482752,1482752,1482752,1482752,1482752,1482752,1482752,1482752,1482752,1482752,1482752,2867369,2867369,2867369,2867369,2867369,1482752,1482752,1482752,1482752,1482752,1482752,1482752,1482752,1482752,1482752,1482752,1482752,1482752,1482752,1482752,1482752,1482752,1482752,1482752,1482752,1482752,1482752,1482752,1482752,1482752,2867369,1482752,1482752
1482752,1482752,1523717,1523717,1482752,1482752,1482752,1482752,1482752,1482752,1482752,1482752,1482752,1482752,1523717,1523717,1523717,1523717,1523717,1523717,1482752,1482752,1482752,1523717,1523717,1482752,1482752,1482752,1482752,1482752,1482752,1523717,1523717,1523717,1523717,1482752,1482752,1482752,1482752,1482752,1482752,2670737,2670737,2670737,2670737,2670737,2670737,1482752,1482752,1482752,2670737,1482752,1482752,1482752,1482752,1482752,1482752,1482752,1482752,1482752,1482752,1482752,1482752,1482752,1482752,1482752,1482752,1482752,1482752,1482752,1482752,1482752,2891948,2891948,2891948,2891948,2891948,2891948,2891948,2801825,2891948,2867369,2867369,1482752,1482752,1482752,1482752,1482752,1482752,1482752,1482752,1482752,1482752,1482752,2867369,2867369,1482752,1482752,1482752,1482752,1482752,1482752,1482752,1482752,1482752,1482752,1482752,1482752,1482752,1482752,1482752,1482752,2867369,2867369,2867369,2867369,2867369,2867369,2810018,2867369,2867369,2867369,1482752,1482752,1482752,1482752,1482752,1482752,2867369,2867369,1482752,1482752,1482752,2867369,2867369,2867369,2867369,1482752,1482752,1482752,1482752,1482752,1482752,1482752,1482752,1482752,1482752,1482752,1482752,1482752
1482752,1523717,1523717,1523717,1523717,1523717,1523717,1482752,1523717,1523717,1482752,1523717,1523717,1482752,1482752,1523717,1523717,1482752,1482752,1482752,1482752,1523717,1482752,1482752,1523717,1482752,1482752,1523717,1482752,1482752,1523717,1482752,1523717,1523717,1523717,1523717,1523717,1482752,1482752,1482752,2670737,2670737,2670737,2670737,2670737,2670737,2670737,1482752,1482752,1482752,1482752,2670737,2670737,2670737,1482752,1482752,1482752,1482752,1482752,1482752,1482752,1482752,1482752,1482752,1482752,1482752,1482752,1482752,1482752,2891948,2891948,2891948,2891948,2891948,2891948,2891948,2891948,2891948,2891948,2891948,2891948,2867369,2867369,2867369,2867369,1482752,1482752,1482752,1482752,1482752,1482752,2867369,1482752,1482752,1482752,2867369,2867369,1482752,1482752,1482752,1482752,1482752,2867369,1482752,2867369,1482752,2867369,2867369,1482752,2867369,2867369,2867369,2867369,2867369,2867369,2867369,2867369,2867369,2867369,2867369,2793632,2793632,2867369,2867369,2867369,2867369,2867369,2867369,2867369,2867369,1482752,2867369,2867369,2867369,2867369,2867369,2867369,2867369,2867369,2867369,1482752,1482752,2867369,1482752,2867369,2867369,2867369,1482752,1482752,1482752
1523717,1523717,1523717,1523717,1523717,1523717,1523717,1523717,1523717,1523717,1523717,1523717,1523717,1523717,1482752,1482752,1482752,1482752,1523717,1482752,1482752,1482752,1523717,1523717,1523717,1523717,1523717,1523717,1482752,1482752,1482752,1482752,1523717,2752667,1523717,1482752,1523717,1482752,1482752,1482752,2670737,2670737,2670737,2670737,2670737,2670737,1482752,1482752,1482752,1482752,1482752,2670737,2670737,2670737,1482752,1482752,1482752,1482752,1482752,1482752,1482752,1482752,1482752,1482752,1482752,1482752,1482752,2891948,2891948,2891948,2891948,2891948,2891948,2891948,2891948,2891948,2891948,2891948,2891948,2891948,2891948,2867369,2867369,2867369,2867369,2867369,1482752,1482752,1482752,2867369,1482752,1482752,1482752,1482752,1482752,1482752,1482752,1482752,1482752,1482752,1482752,2867369,2867369,1482752,2867369,2867369,2867369,2867369,2867369,2867369,2867369,2867369,2867369,2867369,2867369,2867369,2867369,2867369,2867369,2867369,2867369,2867369,2867369,2867369,2867369,2867369,2867369,2867369,2867369,2867369,2867369,2867369,2867369,2867369,2867369,2867369,2867369,2867369,2867369,2867369,2867369,2867369,2867369,2867369,2867369,2867369,2867369,2867369,1482752,1482752
1482752,1482752,1523717,1523717,1523717,1523717,1523717,1523717,1523717,1523717,1523717,1523717,1523717,1523717,1523717,1523717,1523717,1482752,1523717,1523717,1523717,1523717,1523717,1523717,1523717,1523717,1523717,1523717,1482752,1482752,1523717,1523717,2744474,1523717,1523717,1482752,1482752,1482752,1482752,1482752,2670737,2670737,2670737,2670737,2670737,1482752,1482752,1482752,1482752,1482752,1482752,1482752,1482752,1482752,1482752,1482752,1482752,1482752,1482752,1482752,1482752,1482752,1482752,1482752,1482752,1482752,2891948,2891948,2891948,2891948,2891948,2891948,2891948,2891948,2891948,2891948,1482752,1482752,2891948,2891948,2891948,2867369,2867369,1482752,1482752,1482752,1482752,2867369,1482752,2867369,1482752,2867369,2867369,2867369,1482752,1482752,1482752,2867369,2867369,2867369,1482752,2867369,2867369,1482752,1482752,2867369,2867369,2867369,2867369,2867369,2867369,2867369,2867369,2867369,2867369,2867369,2867369,2867369,2867369,2867369,2867369,2867369,2867369,2867369,2867369,2867369,2867369,2867369,2867369,2867369,2867369,2867369,2867369,2867369,2867369,2867369,2867369,2867369,2867369,2867369,2867369,2867369,2867369,2867369,2867369,2867369,2867369,2867369,2867369,1482752
1523717,1523717,1523717,1523717,1523717,1523717,1523717,1523717,1523717,1523717,2695316,2695316,2695316,1523717,1523717,1523717,1523717,1523717,1523717,1523717,1523717,1523717,1523717,1523717,1523717,1523717,1482752,1482752,1482752,1482752,1482752,1482752,1523717,1523717,1523717,1523717,1482752,1482752,1482752,1482752,1482752,2670737,2670737,2670737,2670737,1482752,1482752,1482752,1482752,1482752,1482752,1482752,1482752,1482752,1482752,1482752,1482752,1482752,1482752,1482752,1482752,1482752,1482752,1482752,1482752,2891948,2891948,2891948,2891948,2891948,2891948,2891948,2891948,2891948,1482752,1482752,1482752,2891948,2891948,2736281,2891948,2891948,2867369,2867369,1482752,2867369,1482752,2867369,2867369,2867369,2867369,2867369,2867369,2867369,2867369,2867369,2867369,2867369,2867369,1581068,2867369,2867369,1482752,1482752,2867369,2867369,2867369,2867369,2867369,2867369,2867369,2867369,2867369,2867369,2867369,2867369,2867369,2867369,2867369,2867369,2867369,2867369,2867369,2867369,2867369,2867369,2867369,2867369,2867369,2867369,2867369,2867369,2867369,2867369,2867369,2867369,2867369,2867369,2867369,2867369,2867369,2867369,2867369,2867369,2867369,2867369,2867369,1482752,2867369,1482752
1482752,1523717,1523717,1523717,1523717,1523717,1523717,1523717,1523717,1523717,1523717,2695316,1523717,1523717,1523717,1523717,1523717,1523717,1523717,1523717,1523717,1523717,2703509,1523717,1523717,1482752,1523717,1523717,1482752,1482752,1482752,1482752,1482752,1523717,1523717,1482752,1482752,1482752,1482752,1482752,1482752,2670737,2670737,2670737,1482752,1482752,1482752,1482752,1482752,1482752,1482752,1482752,1482752,1482752,1482752,1482752,1482752,1482752,1482752,1482752,1482752,1482752,1482752,1482752,1482752,2891948,2891948,2891948,2891948,2891948,2891948,2891948,2891948,1482752,1482752,1482752,2891948,2891948,2719895,2891948,2728088,2891948,2867369,2867369,2867369,2867369,2867369,2867369,2867369,2867369,2867369,2867369,2867369,2867369,2867369,2867369,2867369,2867369,2867369,2867369,2867369,2867369,2867369,2867369,2867369,2867369,2867369,2867369,2867369,2867369,2867369,2867369,2867369,2867369,2867369,2867369,2867369,2867369,2867369,2867369,2867369,2867369,2867369,2867369,2867369,2867369,2867369,2867369,2867369,2867369,2867369,2867369,2867369,2867369,2867369,2867369,2867369,2867369,2867369,2867369,2867369,2867369,2867369,2867369,2867369,2867369,2867369,1482752,1482752,1482752
1523717,1523717,1523717,1523717,1523717,1523717,1523717,1523717,1523717,1523717,1523717,1523717,1523717,1523717,2637965,1523717,1523717,1523717,1523717,2662544,1523717,1523717,1523717,1523717,1482752,1482752,1523717,1482752,1523717,1482752,1523717,1523717,1482752,1482752,1482752,1482752,1482752,1482752,1482752,1482752,1482752,1482752,2670737,2670737,1482752,1482752,1482752,1482752,1482752,1482752,1482752,1482752,1482752,1482752,1482752,1482752,2867369,1482752,1482752,1482752,1482752,1482752,1482752,1482752,1482752,2891948,2891948,2891948,1482752,2891948,2678930,2891948,2891948,2891948,1482752,1482752,2891948,2891948,2891948,2891948,2891948,2891948,2654351,2867369,2687123,2867369,2867369,2867369,2867369,2867369,2867369,2867369,2867369,2867369,2867369,2867369,2867369,2867369,2867369,2867369,2867369,2867369,2867369,2867369,2867369,2867369,2867369,2867369,2867369,2867369,2867369,2867369,2867369,2867369,2867369,2867369,2867369,2867369,2867369,2867369,2867369,2867369,2867369,2867369,2867369,2867369,2867369,2867369,2867369,2867369,2867369,2867369,2867369,2867369,2867369,2867369,2867369,2867369,2867369,1482752,2867369,1482752,2867369,2867369,2867369,1482752,1482752,1482752,1482752,1523717
1523717,1523717,1523717,1523717,1523717,1523717,1523717,1523717,1523717,1523717,1523717,1523717,1523717,2637965,2637965,2637965,1523717,1523717,1523717,1523717,1523717,1523717,1523717,1482752,1482752,1482752,1482752,1482752,1482752,1482752,1523717,1523717,1523717,1482752,1523717,1482752,1482752,1482752,1482752,1482752,1482752,1482752,1482752,1482752,1482752,1482752,1482752,1482752,1482752,1482752,1482752,1482752,1482752,1482752,1482752,2867369,2867369,2867369,1482752,1482752,1482752,1482752,1482752,1482752,1482752,1482752,1482752,1482752,1482752,2891948,2891948,2646158,2891948,1482752,1482752,1482752,1482752,1482752,1482752,1482752,1482752,2867369,2654351,2867369,2867369,2867369,2867369,2867369,2867369,2867369,2867369,2867369,2867369,2867369,2867369,2867369,2867369,2867369,2867369,2867369,2867369,2867369,2867369,2867369,2867369,2867369,2867369,2867369,2867369,2867369,2867369,2867369,2867369,2867369,2867369,2867369,2867369,2867369,2867369,2867369,2867369,2867369,2867369,2867369,2867369,2867369,2867369,2867369,2867369,2867369,2867369,2867369,2867369,2867369,2867369,2867369,2867369,2867369,2867369,1482752,1482752,1482752,2867369,1482752,1482752,1482752,1482752,1482752,1482752,1482752
1482752,1523717,1482752,1523717,1482752,1482752,1523717,1523717,1523717,1523717,1523717,1523717,1523717,1523717,1523717,1523717,1523717,1523717,1523717,1523717,1523717,1523717,1523717,1482752,1482752,1482752,1482752,1482752,1482752,1523717,1523717,1523717,1523717,1482752,1523717,1482752,1482752,1482752,1482752,1482752,1482752,1482752,1482752,1482752,1482752,1482752,1482752,1482752,1482752,1482752,1482752,1482752,1482752,1482752,1482752,1482752,2867369,2867369,1482752,1482752,1482752,1482752,1482752,1482752,1482752,1482752,1482752,2867369,1482752,1482752,2891948,2891948,2891948,1482752,2867369,1482752,1482752,2867369,2867369,2867369,2867369,2867369,2867369,2867369,2867369,2867369,2867369,2867369,2867369,2867369,2867369,2867369,2867369,2867369,2867369,2867369,2867369,2867369,2867369,2867369,2867369,2867369,2867369,2867369,2867369,2867369,2867369,2867369,2867369,2867369,2867369,2867369,2867369,2867369,2867369,2867369,2867369,2867369,2867369,2867369,2867369,2867369,2867369,2867369,2867369,2867369,2867369,2867369,2867369,2867369,2867369,2867369,2867369,2867369,2867369,1482752,1482752,1482752,1482752,1482752,1482752,2867369,2867369,1482752,1482752,1482752,1482752,1482752,1482752,1482752
1523717,1482752,1482752,1482752,1482752,1482752,1523717,1523717,1523717,1523717,1523717,1523717,1523717,1523717,1523717,2613386,2613386,1523717,1523717,1523717,1523717,1523717,1523717,1482752,1482752,1482752,1482752,1482752,1482752,1482752,1523717,1523717,1523717,1523717,1523717,1523717,1482752,1482752,1482752,1482752,1482752,1482752,1482752,1482752,1482752,1482752,1482752,1482752,1482752,1482752,1482752,1482752,1482752,1482752,1482752,1482752,2867369,2867369,1482752,1482752,1482752,1482752,1482752,1482752,1482752,1482752,2867369,2867369,1482752,1482752,2891948,2891948,1482752,1482752,1482752,1482752,1482752,1482752,2867369,2867369,2621579,2867369,2867369,2867369,2867369,2867369,2867369,2867369,2867369,2867369,2867369,2867369,2867369,2867369,2867369,2867369,2867369,2867369,2867369,2867369,2867369,2867369,2867369,2867369,2867369,2867369,2867369,2867369,2867369,2867369,2867369,2867369,2867369,2867369,2867369,2867369,2867369,2867369,2867369,2867369,2867369,2867369,2867369,2867369,2867369,2867369,2867369,2867369,2867369,2867369,2867369,2867369,2867369,2867369,1482752,1482752,1482752,1482752,1482752,1482752,1482752,2867369,2867369,2867369,1482752,1482752,1482752,1482752,1482752,1523717
1482752,1482752,1482752,1482752,1482752,1482752,1482752,1523717,1523717,1523717,1523717,1523717,1523717,1523717,1523717,1523717,1523717,1523717,2605193,1523717,1523717,1523717,1523717,1523717,1482752,1482752,1482752,1482752,1482752,1482752,1523717,1523717,1523717,1523717,1523717,1523717,1523717,1482752,1482752,1482752,1482752,1482752,1482752,1482752,1482752,1482752,1482752,1482752,1482752,1482752,1482752,1482752,1482752,2867369,2867369,1482752,1482752,2867369,2867369,1482752,1482752,1482752,1482752,1482752,1482752,1482752,2867369,1482752,2867369,1482752,1482752,1482752,1482752,1482752,1482752,1482752,2867369,2867369,2867369,2867369,2867369,2867369,2867369,2867369,2867369,2867369,2867369,2867369,2867369,2867369,2867369,2867369,2867369,2867369,2867369,2867369,2867369,2867369,2867369,2867369,2867369,2867369,2867369,2867369,2867369,2867369,2867369,2867369,2867369,2867369,2867369,2867369,2867369,2867369,2867369,2867369,2867369,2867369,2867369,2867369,2572421,2867369,2867369,2867369,2867369,2867369,2867369,2867369,2867369,2867369,2867369,2867369,2867369,1482752,1482752,1482752,1482752,2867369,1482752,1482752,1482752,2867369,2867369,2867369,1482752,1482752,1482752,1482752,1482752,1482752
1482752,1482752,1482752,1482752,1482752,1482752,1482752,1523717,1523717,1523717,1523717,1523717,1523717,1523717,1523717,1523717,1523717,1523717,1523717,1523717,1523717,1523717,1523717,1523717,1523717,1523717,1482752,1482752,1482752,1482752,1523717,1523717,1523717,1523717,2597000,1523717,1523717,1523717,1482752,1482752,1482752,1482752,1482752,1482752,1482752,1482752,1482752,1482752,1482752,1482752,1482752,1482752,2867369,2867369,2867369,1482752,1482752,2867369,2867369,1482752,1482752,1482752,1482752,1482752,1482752,1482752,2867369,1482752,1482752,1482752,1482752,1482752,1482752,2867369,1482752,1482752,2867369,2867369,2867369,2867369,2867369,2867369,2867369,2867369,2867369,2867369,2867369,2867369,2867369,2867369,2867369,2867369,2867369,2867369,2867369,2867369,2867369,2867369,2867369,2867369,2867369,2867369,2867369,2867369,2867369,2867369,2867369,2867369,2867369,2867369,2867369,2867369,2867369,2867369,2867369,2867369,2867369,2867369,2867369,2867369,2572421,1581068,2867369,2867369,2867369,2867369,2867369,2867369,2867369,2867369,2867369,2867369,2867369,2867369,2867369,2867369,1482752,2867369,1482752,1482752,1482752,2867369,2867369,1482752,1482752,1482752,1482752,1482752,1482752,1482752
1482752,1482752,1482752,1482752,1482752,1482752,1482752,1523717,1523717,1523717,1523717,1523717,1523717,1523717,1523717,1523717,1523717,1523717,1523717,1523717,2556035,1523717,1523717,1523717,1523717,1523717,1523717,1523717,1482752,1523717,1523717,2588807,1523717,1523717,1523717,1523717,1523717,1523717,1482752,1482752,1482752,1482752,1482752,1482752,1482752,1482752,1482752,1482752,1482752,1482752,1482752,1482752,1482752,2867369,2867369,1482752,2867369,2867369,2867369,2867369,1482752,1482752,1482752,2867369,2867369,2867369,2867369,2867369,2867369,2867369,2867369,2867369,2867369,2867369,2867369,2867369,2867369,2867369,2867369,2867369,2867369,2867369,2867369,2867369,2867369,2867369,2867369,2867369,2867369,2867369,2867369,2867369,2867369,2867369,2867369,2867369,2867369,2867369,2867369,2867369,2867369,2867369,2867369,2867369,2867369,2867369,2867369,2867369,2867369,2867369,2867369,2867369,2867369,2867369,2867369,2867369,2867369,2867369,2867369,2572421,2572421,1581068,1581068,1581068,2867369,2867369,2867369,2867369,2867369,2867369,2867369,2867369,2867369,2867369,2867369,2867369,1482752,2867369,2867369,1482752,1482752,1482752,2867369,1482752,1482752,1482752,1482752,1482752,1482752,1482752
1482752,1482752,1482752,1482752,1482752,1482752,1482752,1482752,1523717,1523717,1523717,1523717,1523717,1523717,1523717,1523717,1523717,1523717,1523717,1523717,2556035,1523717,1523717,1523717,1523717,1523717,1523717,1523717,1482752,1523717,1523717,1523717,1523717,1523717,1523717,1523717,1523717,1482752,1523717,1482752,1482752,1482752,1482752,1482752,1482752,1482752,1482752,1482752,1482752,1482752,1482752,1482752,2867369,2867369,1482752,1482752,2867369,2867369,2867369,2867369,1482752,1482752,2867369,2867369,2867369,2867369,2867369,2867369,2867369,2867369,2867369,2867369,2867369,2867369,2867369,2867369,2867369,2867369,2867369,2867369,2867369,2867369,2867369,2867369,2867369,2867369,2867369,2867369,2867369,2867369,2867369,2867369,2867369,2867369,2867369,2867369,2867369,2867369,2867369,2867369,2867369,2867369,2867369,2867369,2867369,2867369,2867369,2867369,2867369,2867369,2867369,2867369,2867369,2867369,2867369,2867369,2867369,2867369,2572421,2572421,1581068,1581068,1581068,1581068,1581068,2867369,2867369,1581068,1581068,2867369,2867369,2867369,2867369,2867369,2867369,2867369,1482752,2867369,1482752,1482752,1482752,1482752,1482752,1482752,1482752,1482752,1482752,1482752,1482752,1482752
1482752,1482752,1482752,1482752,1482752,1482752,1523717,1482752,1523717,1523717,1523717,1523717,1523717,1523717,1523717,1523717,1523717,1523717,1523717,1523717,1523717,1523717,1523717,1523717,1523717,1523717,1523717,1523717,1523717,1523717,1523717,1523717,1523717,1523717,1482752,1482752,1482752,1482752,1523717,1523717,1482752,1482752,1482752,1482752,1482752,1482752,1482752,1482752,1482752,1482752,1482752,1482752,1482752,1482752,1482752,1482752,2867369,2867369,2867369,1482752,1482752,2867369,2867369,2867369,2867369,2867369,2867369,2867369,2867369,2867369,2867369,2867369,2867369,2867369,2867369,2867369,2867369,2867369,2867369,2867369,2867369,2867369,2867369,2867369,2867369,2867369,2867369,2867369,2867369,2867369,2867369,2867369,2867369,2867369,2867369,2867369,2867369,2867369,2867369,2867369,2867369,2867369,2867369,2867369,2867369,2867369,2867369,2867369,2867369,2867369,2867369,2867369,2867369,2531456,1581068,1581068,2539649,1581068,1581068,1581068,1581068,1581068,1581068,1581068,1581068,2547842,1581068,1581068,1581068,1581068,1581068,2867369,2867369,2867369,2867369,2867369,1482752,1482752,1482752,1482752,1482752,1482752,1482752,1482752,1482752,1482752,1482752,1482752,1482752,1482752
1482752,1482752,1482752,1482752,1482752,1482752,1482752,1523717,1482752,1523717,1523717,1523717,1523717,1523717,1523717,1523717,1523717,1523717,1523717,1523717,1523717,1523717,1523717,2490491,1523717,1523717,1523717,1523717,1523717,1523717,1523717,1523717,1523717,1523717,1523717,1523717,1482752,1482752,1523717,1523717,1523717,1482752,1482752,1482752,1482752,1482752,1482752,1482752,1482752,1482752,1482752,1482752,1482752,1482752,1482752,2867369,1482752,1482752,1482752,1482752,2867369,2867369,2867369,2867369,2867369,2867369,2867369,2867369,2867369,2867369,2867369,2867369,2867369,2867369,2867369,2867369,2867369,2867369,2867369,2867369,2867369,2867369,2867369,2867369,2867369,2867369,2867369,2867369,2867369,2867369,2867369,2867369,2867369,2867369,2867369,2867369,2867369,2867369,2867369,2867369,2867369,2515070,2867369,2867369,2867369,2867369,2867369,2867369,2867369,2523263,2867369,2867369,1581068,1581068,1581068,1581068,1581068,1581068,1581068,1581068,1581068,1581068,1581068,1581068,1581068,1581068,1581068,1581068,1581068,1581068,1581068,1581068,2867369,2867369,2867369,2867369,1482752,1581068,1581068,1482752,1581068,1482752,1482752,1482752,1482752,1482752,1482752,1482752,1482752,1482752
1482752,1482752,1482752,1482752,1482752,1482752,1482752,1482752,1482752,1523717,1523717,1523717,1523717,1523717,1523717,1523717,1523717,1523717,1523717,1523717,1523717,1523717,2490491,2490491,2490491,1523717,1523717,1523717,1523717,1523717,1523717,1523717,1523717,1523717,1523717,1523717,1482752,1482752,1482752,1482752,1482752,1482752,1482752,1482752,1482752,1482752,1482752,1482752,1482752,1482752,1482752,1482752,1482752,1482752,1482752,1482752,1482752,1482752,2867369,2867369,2867369,2867369,2867369,2867369,2867369,2867369,2867369,2867369,2867369,2867369,2867369,2867369,2867369,2867369,2867369,2867369,2867369,2867369,2867369,2867369,2867369,2867369,2867369,2867369,2867369,2867369,2867369,2867369,2867369,2867369,2867369,2867369,2867369,2867369,2867369,2867369,2867369,2867369,2867369,2867369,2867369,2867369,2867369,2867369,2867369,2867369,2867369,2867369,2867369,2867369,2867369,2867369,1581068,1581068,1581068,1581068,1581068,1581068,1581068,1581068,1581068,1581068,1581068,1581068,1581068,1581068,1581068,1581068,1581068,1581068,1581068,1581068,1581068,2498684,2867369,1482752,1482752,1482752,1581068,1581068,1482752,1482752,1482752,1482752,1482752,1482752,1482752,1482752,1482752,1482752
1482752,1482752,1482752,1482752,1482752,1482752,1482752,1482752,1523717,1523717,1523717,1523717,1523717,1523717,1523717,1523717,1523717,1523717,1523717,1523717,1523717,1523717,1523717,1523717,1523717,2457719,2457719,1523717,1523717,1523717,1523717,1523717,1523717,1523717,1523717,1482752,1523717,1523717,1482752,1482752,1482752,1482752,1482752,1482752,1482752,1482752,1482752,1482752,1482752,1482752,1482752,1482752,1482752,1482752,1482752,1482752,2867369,2867369,2867369,2867369,2867369,2867369,2867369,2867369,2867369,2867369,2867369,2867369,2867369,2867369,2867369,2867369,2867369,2867369,2867369,2867369,2867369,2867369,2867369,2867369,2867369,2867369,2867369,2867369,2867369,2867369,2867369,2867369,2867369,2867369,2867369,2867369,2867369,2867369,2867369,2867369,2867369,2867369,2867369,2867369,2867369,2867369,2867369,2867369,2474105,2474105,2474105,2867369,2482298,2867369,2867369,2867369,2867369,2867369,1581068,1581068,1581068,1581068,1581068,1581068,1581068,1581068,1581068,1581068,1581068,1581068,1581068,1581068,1581068,1581068,1581068,1581068,1581068,2867369,2867369,1482752,1482752,1482752,1581068,1482752,1482752,1482752,1482752,1482752,1482752,1482752,1482752,1482752,1482752,1482752
1482752,1482752,1482752,1482752,1482752,1482752,1482752,1482752,1523717,1523717,1523717,1523717,1523717,1523717,1523717,1523717,1523717,1523717,1523717,1523717,1523717,1523717,1523717,2433140,1523717,2457719,1523717,1523717,2465912,2465912,1523717,1523717,1523717,1523717,1482752,1482752,1523717,1482752,1482752,1482752,1482752,1482752,1482752,1482752,1482752,1482752,1482752,1482752,1482752,1482752,1482752,1482752,1482752,1482752,1482752,1482752,1482752,1482752,2867369,2867369,2867369,2867369,2867369,2867369,2867369,2867369,2867369,2867369,2867369,2867369,2867369,2867369,2867369,2867369,2867369,2867369,2867369,2867369,2867369,2867369,2867369,2400368,2400368,2867369,2400368,2400368,2867369,2867369,2867369,2867369,2867369,2867369,2383982,2383982,2867369,2867369,2449526,2449526,2867369,2867369,2867369,2867369,2867369,2867369,2474105,2867369,2867369,2867369,2867369,2867369,2867369,2867369,2867369,1581068,1581068,1581068,1581068,1581068,1581068,1581068,1581068,1581068,1581068,1581068,1581068,1581068,1581068,1581068,1581068,1581068,1581068,1581068,1581068,1482752,1482752,1482752,1482752,1482752,1482752,1581068,1482752,1482752,1482752,1482752,1482752,1482752,1482752,1482752,1482752,1482752
1482752,1482752,1482752,1482752,1482752,1482752,1482752,1482752,1523717,1523717,1523717,1523717,1523717,1523717,1523717,1523717,1523717,1523717,1523717,1523717,1523717,1523717,1523717,2433140,1523717,1523717,2441333,2441333,1523717,1523717,1523717,1523717,1523717,1482752,1482752,1482752,1482752,1482752,1482752,1482752,1482752,1482752,1482752,1482752,1482752,1482752,1482752,1482752,1482752,1482752,1482752,1482752,1482752,1482752,1482752,1482752,1482752,1482752,1482752,2867369,2867369,2867369,2867369,2867369,2867369,2867369,2867369,2867369,2867369,2867369,2867369,2867369,2867369,2867369,2867369,2867369,2867369,2867369,2867369,2867369,2400368,2400368,2400368,2867369,2867369,2400368,2867369,2867369,2867369,2867369,2867369,2383982,2383982,2383982,2867369,2867369,2449526,2449526,2867369,2867369,2867369,2867369,2867369,2867369,2867369,2867369,2867369,2867369,2867369,2867369,2867369,2867369,1581068,1581068,1581068,1581068,1581068,1581068,1581068,1581068,1581068,1581068,1581068,1581068,1581068,1581068,1581068,1581068,1581068,1581068,1581068,1581068,1581068,1482752,1482752,1482752,1482752,1482752,1482752,1581068,1581068,1482752,1482752,1482752,1482752,1482752,1482752,1482752,1482752,1482752
1482752,1482752,1482752,1482752,1482752,1482752,1482752,1523717,1523717,1523717,1523717,1523717,1523717,1523717,1523717,1523717,1523717,1523717,1523717,1523717,1523717,1523717,1523717,1523717,1523717,1523717,1523717,1523717,1523717,1523717,1523717,1523717,1523717,1482752,1482752,1482752,1482752,1482752,1482752,1482752,1482752,1482752,1482752,1482752,1482752,1482752,1482752,1482752,1482752,1482752,1482752,1482752,1482752,1482752,1482752,1482752,1482752,1482752,1482752,2867369,2867369,2867369,2867369,2867369,2867369,2867369,2867369,2867369,2867369,2867369,2867369,2867369,2867369,2867369,2867369,2867369,2867369,2867369,2867369,2400368,2400368,2400368,2400368,2400368,2400368,2400368,2400368,2867369,2867369,2867369,2867369,2383982,2383982,2867369,2867369,2867369,2867369,2867369,2867369,2867369,2867369,2867369,2867369,2867369,2867369,2424947,2867369,2867369,2867369,2867369,2867369,1581068,1581068,1581068,1581068,1581068,1581068,1581068,1581068,1581068,1581068,1581068,1581068,1581068,1581068,1581068,1581068,1581068,1581068,1581068,1581068,1581068,1482752,1482752,1482752,1482752,1482752,1482752,1482752,1581068,1581068,1482752,1482752,1482752,1482752,1482752,1482752,1482752,1482752,1482752
1482752,1482752,1482752,1482752,1482752,1482752,1482752,1523717,1523717,1523717,1523717,1523717,2416754,1523717,1523717,1523717,1523717,1523717,1523717,1523717,1523717,1523717,1523717,1523717,1523717,1523717,1523717,1523717,1523717,1523717,1523717,1523717,1482752,1482752,1482752,1482752,1482752,1482752,1482752,1482752,1482752,1482752,1482752,1482752,1482752,1482752,1482752,1482752,1482752,1482752,1482752,1482752,1482752,1482752,1482752,1482752,1482752,1482752,1482752,2867369,2867369,2867369,2867369,2867369,2867369,2867369,2867369,2867369,2867369,2867369,1482752,2867369,2867369,2867369,2867369,2867369,2867369,2867369,2867369,2400368,2400368,2400368,2400368,2400368,2400368,2400368,2400368,2400368,2867369,2867369,2867369,2383982,2383982,2383982,2867369,2867369,2867369,2867369,2867369,2867369,2867369,2867369,2867369,2867369,2867369,1581068,1581068,1581068,1581068,1581068,1581068,1581068,1581068,1581068,1581068,1581068,1581068,1581068,1581068,1581068,1581068,1581068,1581068,1581068,1581068,1581068,1581068,1482752,1581068,1482752,1581068,1581068,1482752,1482752,1482752,1482752,1482752,1482752,1482752,1581068,1581068,1482752,1482752,1482752,1482752,1482752,1482752,1482752,1482752,1482752
1482752,1482752,1482752,1482752,1482752,1482752,1482752,1523717,1523717,1523717,1523717,1523717,1523717,1523717,1523717,1523717,1523717,1523717,1523717,1523717,1523717,1523717,1523717,1523717,1523717,1523717,1523717,1523717,1523717,1523717,1523717,1482752,1482752,1482752,1482752,1482752,1482752,1482752,1482752,1482752,1482752,1482752,1482752,1482752,1482752,1482752,1482752,1482752,1482752,1482752,1482752,1482752,1482752,1482752,1482752,1482752,1482752,1482752,1482752,2867369,2867369,2867369,2867369,2867369,2867369,1482752,1482752,2867369,2867369,2867369,1482752,1482752,2867369,2867369,2867369,2867369,2867369,2867369,2867369,2867369,2400368,2400368,2867369,2867369,2867369,2400368,2400368,2400368,2867369,2867369,2867369,2867369,2383982,2383982,2383982,2867369,2867369,2867369,2867369,2867369,2867369,2867369,2867369,2867369,2867369,1581068,1581068,1581068,1581068,1581068,1581068,1581068,2408561,1581068,1581068,1581068,1581068,1581068,1581068,1581068,1581068,1581068,1581068,1581068,1581068,1581068,1482752,1482752,1482752,1482752,1581068,1581068,1581068,1482752,1482752,1482752,1482752,1482752,1581068,1581068,1581068,1482752,1482752,1482752,1482752,1482752,1482752,1482752,1482752,1482752
1482752,1482752,1482752,1482752,1482752,1482752,1482752,1523717,1523717,1523717,1523717,1523717,1523717,1523717,1523717,1523717,1523717,1523717,1523717,1523717,1523717,1523717,1523717,1523717,1523717,1523717,1523717,1523717,1523717,1523717,1482752,1482752,1482752,1482752,1482752,1482752,1482752,1482752,1482752,1482752,1482752,1482752,1482752,1482752,1482752,1482752,1482752,1482752,1482752,1482752,1482752,1482752,1482752,1482752,2867369,2867369,2867369,2867369,2867369,2867369,2867369,2867369,2867369,1482752,1482752,1482752,1482752,2867369,2867369,2867369,1482752,1482752,1482752,2867369,2867369,2867369,2867369,2867369,1482752,1482752,2867369,2867369,2867369,2867369,2867369,2867369,2867369,2867369,2867369,2867369,2867369,2867369,2383982,2383982,2867369,2867369,2867369,2867369,2867369,2867369,2867369,2867369,2867369,2867369,2867369,1581068,1581068,1581068,1581068,1581068,1581068,1581068,1581068,1581068,1581068,1581068,1581068,1581068,1581068,1581068,1581068,1581068,1581068,1581068,1581068,1581068,1581068,1482752,1581068,1482752,1482752,1581068,1581068,1581068,1482752,1482752,1482752,1581068,1581068,1581068,1581068,1482752,1482752,1482752,1482752,1482752,1482752,1482752,1482752,1482752
1482752,1482752,1482752,1482752,1482752,1482752,1482752,1523717,1523717,1523717,1523717,1523717,1523717,1523717,1523717,1523717,1523717,1523717,1523717,1523717,1523717,1523717,1523717,1523717,1523717,1523717,1523717,1523717,1523717,1523717,1482752,1482752,1482752,1482752,1482752,1482752,1482752,1482752,1482752,1482752,1482752,1482752,1482752,1482752,1482752,1482752,1482752,1482752,1482752,1482752,1482752,1482752,1482752,1482752,2867369,2867369,2867369,2867369,2867369,2867369,2867369,2867369,2867369,1482752,1482752,2867369,1482752,1482752,2867369,2867369,2867369,1482752,1482752,1482752,2867369,2867369,1482752,1482752,1482752,2867369,2867369,2867369,2867369,2867369,2867369,2867369,2867369,2867369,2867369,2867369,2375789,2867369,2383982,2383982,2867369,2867369,2867369,2867369,2867369,2867369,1581068,1581068,1581068,1581068,1581068,1581068,1581068,1581068,1581068,1581068,1581068,1581068,1581068,1581068,1581068,1581068,2392175,1581068,1581068,1581068,1581068,1581068,1581068,1581068,1581068,1581068,1581068,1581068,1482752,1482752,1482752,1581068,1581068,1581068,1482752,1581068,1581068,1581068,1581068,1581068,1482752,1482752,1482752,1482752,1482752,1482752,1482752,1482752,1482752,1482752
1482752,1482752,1482752,1482752,1482752,1482752,1482752,1482752,1523717,1523717,1523717,1523717,1523717,1523717,1523717,1523717,1523717,1523717,1523717,1523717,1523717,1523717,1523717,1523717,1523717,1523717,1523717,1523717,1523717,1482752,1482752,1482752,1482752,1482752,1482752,1482752,1482752,1482752,1482752,1482752,1482752,1482752,1482752,1482752,1482752,1482752,1482752,1482752,1482752,1482752,1482752,1482752,1482752,1482752,2867369,2867369,2867369,2867369,2867369,2867369,2867369,2867369,1482752,1482752,1482752,1482752,2867369,1482752,1482752,2867369,2867369,2867369,2867369,1482752,2867369,2867369,1482752,1482752,1482752,2867369,2867369,2867369,2867369,2867369,2867369,2867369,2867369,2867369,2359403,2867369,2867369,2867369,2867369,2867369,2867369,2867369,2867369,2867369,2867369,1581068,1581068,1581068,1581068,1581068,1581068,1581068,1581068,1581068,1581068,1581068,1581068,1581068,1581068,1581068,1581068,1581068,1581068,1581068,1581068,1581068,1581068,1581068,1581068,1581068,1581068,1581068,1581068,1581068,1581068,1482752,1482752,1581068,1581068,1482752,1482752,1581068,2367596,2367596,1581068,1482752,1482752,1482752,1482752,1482752,1482752,1482752,1482752,1482752,1482752,1482752
1482752,1482752,1482752,1482752,1482752,1482752,1482752,1482752,1482752,1523717,1523717,1523717,1523717,1523717,1523717,1523717,1523717,1523717,1523717,1523717,1523717,1523717,1523717,1523717,1523717,1523717,1523717,1523717,1482752,1482752,1482752,1482752,1482752,1482752,1482752,1482752,1482752,1482752,1482752,1482752,1482752,1482752,1482752,1482752,1482752,1482752,1482752,1482752,1482752,1482752,1482752,1482752,1482752,1482752,2867369,2867369,2867369,2867369,2867369,2867369,2867369,1482752,1482752,2867369,1482752,1482752,2867369,1482752,1482752,1482752,1482752,2867369,1482752,1482752,1482752,2867369,2867369,1482752,1482752,1482752,2867369,2867369,2867369,2867369,2867369,2867369,2867369,2867369,2867369,2867369,2343017,2867369,2867369,2867369,2867369,2867369,2867369,2867369,1581068,1581068,1581068,1581068,1581068,1581068,1581068,1581068,1581068,1581068,1581068,1581068,1581068,1581068,1581068,1581068,1581068,1581068,1581068,1581068,1581068,1581068,1581068,1581068,1581068,1581068,1581068,1581068,1581068,1581068,1581068,1482752,1482752,1482752,1482752,1482752,1581068,2351210,1581068,1581068,1482752,1482752,1482752,1482752,1482752,1482752,1482752,1482752,1482752,1482752,1482752,1482752
1482752,1482752,1482752,1482752,1482752,1482752,1482752,1482752,1482752,1482752,1523717,1523717,1523717,1523717,1523717,1523717,1523717,1523717,1523717,1523717,1523717,1523717,1523717,1523717,1523717,1523717,1523717,1482752,1482752,1482752,1482752,1482752,1482752,1482752,1482752,1482752,1482752,1482752,1482752,1482752,1482752,1482752,1482752,1482752,1482752,1482752,1482752,1482752,2867369,1482752,1482752,1482752,1482752,1482752,2867369,2867369,2867369,2867369,2867369,2867369,2867369,1482752,1482752,1482752,1482752,1482752,1482752,1482752,1482752,1482752,1482752,2867369,1482752,1482752,2867369,2867369,1482752,1482752,1482752,1482752,1482752,1482752,1482752,1482752,1482752,2867369,2867369,2867369,2867369,2867369,2867369,2867369,2867369,2867369,2867369,2867369,2867369,2867369,1581068,1581068,1581068,1581068,1581068,1581068,1581068,1581068,1581068,1581068,1581068,1581068,1581068,1581068,1581068,1581068,1581068,1581068,1581068,1581068,1581068,1581068,1581068,1581068,1581068,1581068,1581068,1581068,1581068,1581068,2318438,1581068,1482752,1482752,1482752,1482752,1581068,1581068,1482752,1482752,1482752,1482752,1482752,1482752,1482752,1482752,1482752,1482752,1482752,1482752,1482752,1482752
1482752,1482752,1482752,1482752,1482752,1482752,1482752,1482752,1482752,1482752,1523717,1482752,1523717,1523717,1523717,1523717,1523717,1523717,1523717,1523717,1523717,1523717,1523717,1482752,1482752,1482752,1523717,1482752,1482752,1482752,1482752,1482752,1482752,1482752,1482752,1482752,1482752,1482752,1482752,1482752,1482752,1482752,1482752,1482752,1482752,1482752,1482752,1482752,1482752,1482752,1482752,1482752,1482752,1482752,2867369,2867369,2867369,2867369,2867369,2867369,1482752,1482752,1482752,1482752,1482752,1482752,1482752,1482752,1482752,2867369,2867369,1482752,1482752,1482752,1482752,2867369,1482752,1482752,1482752,1482752,1482752,1482752,1482752,2867369,1482752,2867369,2867369,2867369,2867369,2867369,2867369,2867369,2867369,2867369,2867369,2867369,2867369,2867369,1581068,1581068,1581068,1581068,1581068,1581068,1581068,1581068,1581068,1581068,1581068,2285666,1581068,1581068,2293859,1581068,1581068,1581068,1581068,1581068,1581068,1581068,1581068,1581068,1581068,1581068,1581068,1581068,1581068,1581068,1581068,1482752,1482752,1482752,1482752,1482752,1482752,1581068,1482752,1482752,1482752,1482752,1482752,1482752,1482752,1482752,1482752,1482752,1482752,1482752,1482752,1482752
1482752,1482752,1482752,1482752,1482752,1482752,1482752,1482752,1482752,1482752,1523717,1482752,1523717,1523717,1523717,1523717,1523717,1523717,1523717,1523717,1482752,1482752,1482752,1482752,1482752,1482752,1523717,1523717,1482752,1482752,1482752,1482752,1482752,1482752,1482752,1482752,1482752,1482752,1482752,1482752,1482752,1482752,1482752,1482752,1482752,1482752,1482752,1482752,1482752,1482752,1482752,1482752,1482752,1482752,1482752,1482752,2867369,2867369,2867369,1482752,1482752,1482752,2875562,2875562,2875562,2875562,2875562,2875562,1482752,1482752,2867369,1482752,1482752,1482752,1482752,1482752,1482752,2867369,2867369,1482752,1482752,1482752,2867369,1482752,1482752,2867369,2867369,2867369,2867369,2867369,2867369,2867369,2867369,2867369,2867369,2867369,2867369,1581068,1581068,1581068,1581068,1581068,1581068,1581068,1581068,1581068,1581068,1581068,1581068,1581068,1581068,1581068,1581068,1581068,1581068,1581068,1581068,1581068,1581068,1581068,1581068,1581068,1581068,1581068,2269280,1581068,2277473,1581068,1581068,1581068,1482752,1482752,1482752,1482752,1482752,1482752,1482752,1482752,1482752,1482752,1482752,1482752,1482752,1482752,1482752,1482752,1482752,1482752,1482752,1482752
1482752,1482752,1482752,1482752,1482752,1482752,1482752,1482752,1482752,1523717,1523717,1482752,1523717,1523717,1523717,1523717,1523717,1523717,1523717,1482752,1482752,1482752,1482752,1482752,1482752,1482752,1482752,1523717,1482752,1482752,1482752,1482752,1482752,1482752,1482752,1482752,1482752,1482752,1482752,1482752,1482752,1482752,1482752,1482752,1482752,1482752,1482752,1482752,1482752,1482752,1482752,1482752,1482752,1482752,1482752,1482752,1482752,1482752,1482752,1482752,2875562,2875562,2875562,2875562,2875562,2875562,2875562,2875562,1482752,1482752,1482752,1482752,1482752,1482752,1482752,1482752,1482752,1482752,1482752,1482752,1482752,1482752,1482752,1482752,2867369,2867369,2867369,2867369,2867369,2867369,2867369,2867369,2867369,2867369,2867369,2867369,2867369,1581068,1581068,1581068,1581068,1581068,1581068,1581068,1581068,1581068,1581068,1581068,1581068,1581068,1581068,1581068,1581068,1581068,1581068,1581068,1581068,1581068,1581068,1581068,1581068,1581068,1581068,1581068,1581068,1581068,1581068,1581068,1581068,1581068,1482752,1482752,1482752,1482752,1482752,1482752,1482752,1482752,1482752,1482752,1482752,1482752,1482752,1482752,1482752,1482752,1482752,1482752,1482752,1482752
1482752,1482752,1482752,1482752,1482752,1482752,1482752,1482752,1482752,1482752,1523717,1482752,1482752,1523717,1523717,1523717,1523717,1523717,1523717,1482752,1482752,1482752,1482752,1482752,1482752,1482752,1482752,1482752,1482752,1523717,1482752,1482752,1482752,1482752,1482752,1482752,1482752,1482752,1482752,1482752,1482752,1482752,1482752,1482752,1482752,1482752,1482752,1482752,1482752,1482752,1482752,1482752,1482752,1482752,1482752,1482752,1482752,2875562,2875562,2875562,2875562,2875562,2875562,2875562,2875562,2875562,2875562,2875562,1482752,1482752,1482752,1482752,1482752,1482752,1482752,1482752,1482752,1482752,1482752,1482752,1482752,1482752,1482752,1482752,2867369,2867369,2867369,2867369,2867369,2867369,2867369,2867369,2867369,2867369,2867369,2867369,2867369,2867369,1581068,1581068,1581068,1581068,1581068,1581068,1581068,1581068,1581068,1581068,1581068,1581068,1581068,1581068,1581068,1581068,1581068,1581068,1581068,1581068,1581068,1581068,1581068,1581068,1581068,1581068,1581068,1581068,1581068,1581068,1581068,1482752,1482752,1482752,1482752,1482752,1581068,1482752,1482752,1482752,1482752,1482752,1482752,1482752,1482752,1482752,1482752,1482752,1482752,1482752,1482752,1482752
1482752,1482752,1482752,1482752,1482752,1482752,1482752,1482752,1482752,1482752,1523717,1482752,1482752,1523717,1523717,1523717,1523717,1523717,1523717,1482752,1482752,1482752,1482752,1482752,1482752,1523717,1523717,1523717,1482752,1482752,1482752,1523717,1482752,1482752,1482752,1482752,1482752,1482752,1482752,1482752,1482752,1482752,1482752,1482752,1482752,1482752,1482752,1482752,1482752,1482752,1482752,1482752,1482752,1482752,1482752,1482752,1482752,2875562,2875562,2875562,2875562,2875562,2875562,2875562,2875562,2875562,2875562,2875562,2875562,2875562,2875562,1482752,1482752,1482752,2875562,2875562,1482752,1482752,2867369,2867369,1482752,1482752,1482752,2867369,2867369,2867369,2867369,2867369,2867369,2867369,2867369,2867369,2867369,2867369,2867369,2867369,2867369,2867369,1581068,1581068,1581068,1581068,1581068,1581068,1581068,1581068,1581068,1581068,1581068,1581068,1581068,1581068,1581068,1581068,1581068,1581068,1581068,1581068,1581068,1581068,1581068,1581068,1581068,1581068,1581068,1581068,1581068,1581068,1581068,1482752,1482752,1581068,1482752,1482752,1482752,1482752,1482752,1482752,1482752,1482752,1482752,1482752,1482752,1482752,1482752,1482752,1482752,1482752,1482752,1482752
1482752,1482752,1482752,1482752,1482752,1482752,1482752,1482752,1482752,1482752,1482752,1482752,1482752,1482752,1523717,1523717,1523717,1523717,1523717,1482752,1482752,1482752,1523717,1523717,1482752,1482752,1482752,1482752,1523717,1523717,1482752,1482752,1482752,1482752,1482752,1482752,1482752,1482752,1482752,1482752,1482752,1482752,1482752,1482752,1482752,1482752,1482752,1482752,1482752,1482752,1482752,1482752,2875562,1482752,1482752,1482752,2875562,2875562,2875562,2875562,2875562,2875562,2875562,2875562,2875562,2875562,2875562,2875562,2875562,2875562,2875562,2875562,1482752,1482752,2875562,2875562,2867369,2867369,2867369,2867369,2867369,2867369,2867369,2867369,2867369,2867369,2867369,2867369,2867369,2867369,2867369,1482752,1482752,2867369,2867369,2867369,2867369,1581068,1581068,1581068,1581068,1581068,1581068,1581068,1581068,1581068,1581068,1581068,1581068,1581068,1581068,1581068,1581068,1581068,1581068,1581068,1581068,1581068,1581068,1581068,1581068,1581068,1581068,1581068,1581068,1581068,1581068,1581068,1482752,1482752,1581068,1581068,1482752,1482752,1482752,1482752,1482752,1482752,1482752,1482752,1482752,1482752,1482752,1482752,1482752,1482752,1482752,1482752,1482752,1482752
1523717,1482752,1482752,1482752,1482752,1482752,1482752,1482752,1482752,1482752,1482752,1482752,1482752,1482752,1523717,1523717,1523717,1523717,1523717,1523717,1482752,1482752,1523717,1523717,1482752,1482752,1482752,1482752,1482752,1482752,1482752,2883755,2883755,1482752,1482752,1482752,1482752,1482752,1482752,1482752,1482752,1482752,1482752,1482752,1482752,1482752,1482752,1482752,1482752,1482752,1482752,1482752,1482752,1482752,1482752,1482752,2875562,2875562,2875562,2875562,2875562,2875562,2875562,2875562,2875562,2875562,2875562,2875562,2875562,2875562,2875562,2875562,2875562,2875562,2875562,2875562,2867369,2867369,2867369,2867369,2867369,2867369,1482752,2867369,2867369,2867369,2867369,2867369,2867369,2867369,2867369,1482752,1482752,1482752,2867369,1482752,2867369,1581068,1581068,1581068,1581068,1581068,1581068,1581068,1581068,1581068,1581068,1581068,1581068,1581068,1581068,1581068,1581068,1581068,1581068,1581068,1581068,1581068,1581068,1581068,1581068,1581068,1581068,1581068,1581068,1581068,1482752,1482752,1482752,1482752,1581068,1482752,1482752,1482752,1482752,1482752,1482752,1482752,1482752,1482752,1482752,1482752,1482752,1482752,1482752,1482752,1482752,1482752,1482752,1482752
1482752,1482752,1523717,1482752,1482752,1482752,1482752,1482752,1482752,1482752,1482752,1482752,1482752,1482752,1482752,1523717,1523717,1523717,1523717,1523717,1523717,1523717,1523717,1523717,1482752,1482752,1482752,1482752,1523717,1482752,1482752,2883755,2883755,2883755,1482752,2883755,1482752,1482752,1482752,1482752,1482752,1482752,1482752,1482752,1482752,1482752,1482752,1482752,1482752,1482752,1482752,1482752,2875562,1482752,1482752,2875562,2875562,2875562,2875562,2875562,2875562,2875562,2875562,2875562,2875562,2875562,2875562,2875562,2875562,2875562,2875562,2875562,2875562,2875562,2875562,2875562,2875562,2867369,2867369,2867369,2867369,2867369,1482752,1482752,2867369,2867369,2867369,2867369,2867369,2867369,2867369,2867369,1482752,1482752,1482752,1482752,1482752,1482752,1482752,1482752,1581068,1581068,1581068,1581068,1581068,1581068,1581068,1581068,1581068,1581068,1581068,1581068,1581068,1581068,1482752,1581068,1581068,1581068,1581068,1581068,1581068,1581068,1581068,1482752,1482752,1482752,1482752,1482752,1482752,1482752,1482752,1482752,1482752,1482752,1482752,1482752,1482752,1482752,1482752,1482752,1482752,1482752,1482752,1482752,1482752,1482752,1482752,1482752,1482752,1482752
1482752,1482752,1482752,1482752,1523717,1482752,1482752,1482752,1482752,1482752,1482752,1482752,1482752,1482752,1482752,1482752,1482752,1523717,1523717,1523717,1523717,1523717,1523717,1482752,1482752,1482752,1482752,1482752,1482752,1482752,1482752,1482752,1482752,1482752,1482752,1482752,1482752,2883755,1482752,1482752,1482752,1482752,1482752,1482752,1482752,1482752,1482752,1482752,1482752,1482752,1482752,1482752,1482752,1482752,2875562,2875562,2875562,2875562,2875562,2875562,2875562,2875562,2875562,2875562,2875562,2875562,2875562,2875562,2875562,2875562,2875562,2875562,2875562,2875562,2875562,2875562,2875562,2875562,2867369,2867369,2867369,2867369,2867369,1482752,1482752,2867369,2867369,2867369,2867369,2867369,2867369,2867369,2867369,1482752,1482752,2867369,1482752,1482752,1482752,1482752,1482752,1482752,1581068,1581068,1581068,1581068,1581068,1581068,1581068,1581068,1581068,1581068,1482752,1482752,1482752,1581068,1581068,1581068,1581068,1581068,1581068,1581068,1482752,1482752,1581068,1482752,1482752,1482752,1482752,1482752,1482752,1482752,1482752,1482752,1482752,1482752,1482752,1482752,1482752,1482752,1482752,1482752,1482752,1482752,1482752,1482752,1482752,1482752,1482752,1482752
1482752,1482752,1482752,1482752,1523717,1482752,1482752,1482752,1482752,1482752,1482752,1482752,1482752,1482752,1482752,1482752,1482752,1482752,1482752,1482752,1482752,1523717,1523717,1523717,1523717,1523717,1482752,1482752,1482752,1482752,1482752,1482752,1482752,1482752,1482752,1482752,1482752,1482752,1482752,1482752,1482752,1482752,1482752,1482752,1482752,1482752,1482752,1482752,1482752,1482752,1482752,1482752,1482752,1482752,2875562,2875562,2875562,2875562,2875562,2875562,2875562,2875562,2875562,2875562,2875562,2875562,2875562,2875562,2875562,2875562,2875562,2875562,2875562,2875562,2875562,2875562,2875562,2875562,2867369,2867369,2867369,2867369,2867369,1482752,1482752,1482752,2867369,2867369,2867369,2867369,2867369,2867369,2867369,2867369,2867369,2867369,2867369,1482752,1482752,1482752,1482752,1581068,1482752,1581068,1581068,1581068,1581068,1581068,1581068,1581068,1581068,1581068,1482752,1482752,1482752,1482752,1581068,1581068,1581068,1581068,1581068,1581068,1581068,1482752,1482752,1482752,1482752,1482752,1482752,1482752,1581068,1581068,1482752,1482752,1482752,1482752,1482752,1482752,1482752,1482752,1482752,1482752,1482752,1482752,1482752,1482752,1482752,1482752,1482752,1482752
1482752,1482752,1482752,1482752,1482752,1482752,1482752,1482752,1482752,1482752,1482752,1482752,1482752,1482752,1482752,1482752,1482752,1482752,1482752,1482752,1482752,1482752,1523717,1523717,2113613,1523717,1482752,1482752,1482752,1482752,1482752,1482752,1482752,1482752,1482752,1482752,1482752,2883755,1482752,1482752,1482752,1482752,1482752,1482752,1482752,1482752,1482752,1482752,1482752,1482752,1482752,1482752,1482752,1482752,2875562,2875562,2875562,2875562,2875562,2875562,2875562,2875562,2875562,2875562,2875562,2875562,2875562,2875562,2875562,2875562,2875562,2875562,2875562,2875562,2875562,2875562,2875562,2867369,2867369,2867369,2867369,2867369,2867369,2867369,1482752,1482752,2867369,2867369,2867369,2867369,2867369,2867369,2867369,2867369,2867369,2867369,2867369,1482752,1482752,1482752,1482752,1482752,1482752,1581068,1581068,1581068,1581068,1581068,1581068,1581068,1581068,1482752,1482752,1482752,1482752,1482752,1581068,1581068,1581068,1581068,1581068,1581068,1581068,1581068,1482752,1482752,1482752,1482752,1482752,1482752,1581068,1581068,1482752,1482752,1482752,1482752,1482752,1482752,1482752,1482752,1482752,1482752,1482752,1482752,1482752,1482752,1482752,1482752,1482752,1482752
1482752,1482752,1482752,1482752,1482752,1482752,1482752,1482752,1482752,1482752,1482752,1482752,1482752,1482752,1482752,1482752,1482752,1482752,1482752,1482752,1482752,1482752,1482752,1482752,1523717,1523717,1482752,1482752,1482752,1482752,2883755,1482752,2883755,2883755,1482752,1482752,1482752,1482752,1482752,1482752,1482752,1482752,1482752,1482752,1482752,1482752,1482752,1482752,1482752,1482752,1482752,1482752,1482752,1482752,2875562,2875562,2875562,2875562,2875562,2875562,2875562,2875562,2875562,2875562,2875562,2875562,2875562,2875562,2875562,2875562,2875562,2875562,2875562,2875562,2875562,2875562,2875562,2867369,2867369,2867369,2867369,2867369,2867369,2867369,1482752,1482752,1482752,2867369,2867369,2867369,2867369,2867369,2867369,2867369,2867369,2867369,1482752,1482752,1482752,1482752,1482752,1482752,1482752,1581068,1581068,1581068,1581068,1581068,1581068,1581068,1482752,1482752,1482752,1482752,1482752,1482752,1581068,1482752,1581068,1581068,1581068,1581068,1581068,1581068,1581068,1482752,1482752,1482752,1482752,1482752,1581068,1581068,1482752,1482752,1482752,1482752,1482752,1482752,1482752,1581068,1482752,1482752,1482752,1482752,1482752,1482752,1482752,1482752,1482752,1482752
1482752,1482752,1482752,1482752,1482752,1482752,1482752,1482752,1482752,1482752,1482752,1482752,1482752,1482752,1482752,1482752,1482752,1482752,1482752,1482752,1482752,1482752,1482752,1482752,1482752,1523717,1482752,1523717,1482752,2883755,2883755,2883755,2883755,2883755,2883755,2883755,2883755,1482752,1482752,1482752,1482752,1482752,1482752,1482752,1482752,1482752,1482752,1482752,1482752,1482752,1482752,2875562,1482752,1482752,2875562,2875562,2875562,2875562,2875562,2875562,2875562,2875562,2875562,2875562,2875562,2875562,2875562,2875562,2875562,2875562,2875562,2875562,2875562,2875562,2875562,2875562,2875562,2875562,2867369,2867369,2867369,2867369,2867369,2867369,2867369,1482752,1482752,2867369,2867369,2867369,2867369,2867369,2867369,2867369,2867369,1482752,1482752,1482752,1482752,1482752,1482752,1482752,1482752,1581068,1581068,1581068,1581068,1581068,1581068,1482752,1482752,1482752,1482752,1482752,1482752,1482752,1482752,1482752,1581068,1581068,1581068,1581068,1581068,1581068,1581068,1482752,1482752,1482752,1482752,1482752,1482752,1482752,1581068,1482752,1482752,1482752,1482752,1482752,1482752,1482752,1482752,1482752,1482752,1482752,1482752,1482752,1482752,1482752,1482752,1482752
1482752,1482752,1482752,1482752,1482752,1482752,1482752,1482752,1482752,1482752,1482752,1482752,1482752,1482752,1482752,1482752,1482752,1482752,1482752,1482752,1482752,1482752,1482752,1482752,1482752,1482752,1523717,1482752,2883755,2883755,2883755,2883755,2883755,2883755,2883755,2883755,2883755,2883755,1482752,1482752,1482752,1482752,1482752,1482752,1482752,1482752,1482752,1482752,1482752,1482752,1482752,1482752,1482752,1482752,2875562,2875562,2875562,2875562,2875562,2875562,2875562,2875562,2875562,2875562,2875562,2875562,2875562,2875562,2875562,2875562,2875562,2875562,2875562,2875562,2875562,2875562,2875562,2875562,2875562,2867369,2867369,2867369,2875562,2875562,2875562,1482752,1482752,1482752,2867369,2867369,2867369,2867369,2867369,1482752,1482752,1482752,1482752,1482752,1482752,1482752,1482752,1482752,1482752,1482752,1581068,1581068,1581068,1581068,1482752,1482752,1482752,1482752,1482752,1482752,1482752,1482752,1482752,1482752,1581068,1482752,1581068,2080841,1581068,1581068,1581068,1482752,1482752,1482752,1482752,1581068,1482752,1581068,1482752,1581068,1482752,1482752,1482752,1482752,1482752,1482752,1482752,1482752,1482752,1482752,1482752,1482752,1482752,1482752,1482752,1482752
1482752,1482752,1482752,1482752,1482752,1482752,1482752,1482752,1482752,1482752,1482752,1482752,1482752,1482752,1482752,1482752,1482752,1482752,1482752,1482752,1482752,1482752,1482752,1482752,1482752,1482752,1482752,1482752,2883755,2883755,2883755,2883755,2883755,2883755,2883755,2883755,2883755,2883755,2883755,1482752,1482752,1482752,1482752,1482752,1482752,1482752,1482752,1482752,1482752,1482752,1482752,1482752,1482752,1482752,2875562,2875562,2875562,2875562,2875562,2875562,2875562,2875562,2875562,2875562,2875562,2875562,2875562,2875562,2875562,2875562,2875562,2064455,2875562,2875562,2875562,2875562,2875562,2875562,2875562,2875562,2875562,2875562,2875562,2875562,2875562,2875562,1482752,1482752,2867369,2867369,1482752,1482752,1482752,1482752,1482752,1482752,1482752,1482752,1482752,1482752,1482752,1482752,1482752,1482752,1581068,1581068,1581068,1581068,1482752,1482752,1482752,1482752,1482752,1482752,1482752,1482752,1482752,1482752,1581068,1482752,1482752,1581068,1581068,1581068,1482752,1482752,1482752,1482752,1581068,1482752,1482752,1482752,1482752,1482752,1482752,1482752,1482752,1482752,1482752,1482752,1482752,1482752,1482752,1482752,1482752,1482752,1482752,1482752,1482752,1482752
1482752,1482752,1482752,1482752,1482752,1482752,1482752,1523717,1482752,1482752,1482752,1482752,1482752,1482752,1482752,1482752,1482752,1482752,1482752,1482752,1482752,1482752,1482752,1482752,1482752,1482752,1482752,1482752,2883755,2883755,2883755,2883755,2883755,2883755,2883755,2883755,2883755,2883755,2883755,2883755,2883755,2883755,1482752,1482752,1482752,1482752,1482752,1482752,1482752,1482752,1482752,1482752,1482752,1482752,1482752,2875562,2875562,2875562,2875562,2875562,2875562,2875562,2875562,2875562,2875562,2875562,2875562,2875562,2875562,2875562,2875562,2875562,2875562,2875562,2875562,2875562,2875562,2875562,2875562,2875562,2875562,2875562,2875562,2031683,2875562,2875562,2875562,1482752,1482752,1482752,1482752,1482752,2867369,1482752,1482752,1482752,1482752,1482752,1482752,1482752,1482752,1482752,1482752,1482752,1482752,1581068,1581068,1581068,1482752,1482752,1482752,1482752,1482752,1482752,1482752,1482752,1482752,1482752,1581068,1482752,1482752,1482752,1581068,1482752,1482752,1482752,1482752,1482752,1482752,1482752,1482752,1581068,1581068,1581068,1482752,1482752,1572875,1482752,1482752,1482752,1482752,1482752,1482752,1482752,1482752,1482752,1482752,1482752,1572875,1482752
1482752,1482752,1482752,1482752,1482752,1482752,1482752,1482752,1482752,1482752,1482752,1482752,1482752,1482752,1482752,1482752,1482752,1482752,1482752,1482752,1482752,1482752,1482752,1482752,1482752,1482752,1482752,2883755,2883755,2883755,2883755,2883755,2883755,2883755,2883755,2883755,2883755,2883755,2883755,2883755,2883755,2883755,2883755,1482752,1482752,1482752,1482752,1482752,1482752,1482752,1482752,1482752,1482752,1482752,1482752,1482752,2875562,2875562,2875562,2875562,2875562,2875562,2875562,2875562,2875562,2875562,2875562,2875562,2875562,2875562,2875562,2875562,2875562,2875562,2875562,2875562,2875562,2875562,2875562,2875562,2875562,2875562,2875562,2875562,2875562,2875562,2875562,2875562,2875562,2875562,1482752,1482752,1482752,1482752,1482752,1482752,1482752,1482752,1482752,1482752,1482752,1482752,1482752,1482752,1482752,1581068,1581068,1482752,1482752,1482752,1482752,1482752,1482752,1482752,1482752,1482752,1482752,1482752,1581068,1581068,1482752,1482752,1482752,1482752,1482752,1482752,1482752,1581068,1482752,1482752,1581068,1482752,1581068,1482752,1482752,1482752,1482752,1482752,1482752,1482752,1482752,1482752,1482752,1572875,1572875,1482752,1482752,1482752,1482752,1482752
1482752,1482752,1482752,1482752,1482752,1482752,1482752,1482752,1482752,1482752,1482752,1482752,1482752,1482752,1482752,1482752,1482752,1482752,1482752,1482752,1482752,2883755,1482752,1482752,1482752,1482752,2883755,2883755,2883755,2883755,2883755,2883755,2883755,2883755,2883755,2883755,2883755,2883755,2883755,2883755,2883755,2883755,2883755,2883755,1482752,1482752,1482752,1482752,1482752,1482752,1482752,1482752,1482752,1482752,1482752,1482752,1482752,2875562,2875562,2875562,2875562,2875562,2875562,2875562,2875562,2875562,2875562,2875562,2875562,2875562,2875562,2875562,2875562,2875562,2875562,2875562,2875562,2875562,2875562,2875562,2875562,2875562,2875562,2875562,2875562,2875562,2875562,2875562,2875562,2875562,1482752,1482752,1482752,1482752,1482752,1482752,1482752,1482752,1482752,1482752,1482752,1482752,1482752,1482752,1482752,1482752,1581068,1482752,1581068,1482752,1482752,1482752,1482752,1482752,1482752,1482752,1482752,1482752,1482752,1581068,1581068,1482752,1482752,1482752,1482752,1482752,1581068,1581068,1581068,1482752,1482752,1482752,1482752,1482752,1482752,1482752,1482752,1482752,1482752,1482752,1482752,1482752,1482752,1482752,1482752,1482752,1482752,1482752,1482752,1482752
1482752,1482752,1482752,1482752,1482752,1482752,1482752,1482752,1482752,1482752,1482752,1482752,1482752,1482752,1482752,1482752,1482752,1482752,1482752,1482752,1482752,1482752,1482752,1482752,1482752,1482752,2883755,2883755,2883755,2883755,2883755,2883755,2883755,2883755,2883755,2883755,2883755,2883755,2883755,2883755,2883755,2883755,2883755,2883755,2883755,2883755,1482752,1482752,1482752,1482752,1482752,1482752,1482752,1482752,1482752,1482752,1482752,1482752,2875562,2875562,2875562,2875562,2875562,1482752,1482752,1482752,2875562,2875562,2875562,2875562,2875562,2875562,2875562,2875562,2875562,2875562,2875562,2875562,2875562,2875562,2875562,2875562,2875562,2875562,2875562,2875562,2875562,2875562,2875562,1482752,1482752,1482752,1482752,1482752,1482752,1482752,1482752,1482752,1482752,1482752,1482752,1482752,1482752,1482752,1482752,1482752,1482752,1482752,1581068,1581068,1482752,1482752,1482752,1482752,1482752,1581068,1581068,1482752,1482752,1581068,1581068,1482752,1482752,1482752,1482752,1581068,1581068,1581068,1482752,1482752,1482752,1482752,1482752,1482752,1482752,1482752,1482752,1482752,1482752,1482752,1482752,1482752,1482752,1482752,1482752,1482752,1482752,1482752,1482752,1572875
1482752,1482752,1482752,1482752,1482752,1482752,1482752,1482752,1482752,1482752,1482752,1482752,1482752,1482752,1482752,1482752,1482752,1482752,1482752,1482752,1482752,1482752,1482752,1482752,1482752,1482752,1482752,2883755,2883755,2883755,2883755,2883755,2883755,2883755,2883755,2883755,2883755,2883755,2883755,2883755,2883755,2883755,2883755,2883755,2883755,2883755,2883755,2883755,2883755,1482752,1482752,1482752,1482752,1482752,1482752,1482752,1482752,1482752,1482752,1482752,1482752,1482752,1482752,1482752,1482752,1482752,1482752,1482752,1482752,2875562,2875562,2875562,2875562,2875562,2875562,2875562,2875562,2875562,2875562,2875562,2875562,2875562,1957946,2875562,2875562,2875562,2875562,2875562,2875562,1482752,1482752,1482752,1482752,1482752,1482752,1482752,1482752,1482752,1482752,1482752,1482752,1482752,1482752,1482752,1482752,1482752,1482752,1482752,1581068,1581068,1482752,1482752,1482752,1482752,1482752,1482752,1581068,1581068,1482752,1482752,1581068,1482752,1482752,1581068,1581068,1581068,1581068,1581068,1482752,1482752,1581068,1581068,1482752,1581068,1482752,1482752,1482752,1482752,1482752,1482752,1482752,1572875,1482752,1482752,1482752,1482752,1482752,1482752,1482752,1482752
1482752,1482752,1482752,1482752,1482752,1482752,1482752,1482752,1482752,1482752,1482752,1482752,1482752,1482752,1482752,1482752,1482752,1482752,1482752,1482752,1482752,1482752,1482752,1482752,1482752,1482752,2883755,2883755,2883755,2883755,2883755,2883755,2883755,2883755,2883755,2883755,2883755,2883755,2883755,2883755,2883755,2883755,2883755,2883755,2883755,2883755,2883755,2883755,2883755,2883755,1482752,1482752,1482752,1482752,1482752,1482752,1482752,1482752,1482752,1482752,1482752,1482752,1482752,1482752,1482752,1482752,1482752,2875562,1482752,2875562,2875562,2875562,2875562,2875562,2875562,2875562,2875562,2875562,2875562,1941560,2875562,2875562,2875562,2875562,2875562,2875562,2875562,2875562,1482752,1482752,1482752,1482752,1482752,1482752,1482752,1482752,1482752,1482752,1482752,1482752,1482752,1482752,1581068,1482752,1482752,1482752,1482752,1482752,1482752,1482752,1482752,1482752,1482752,1482752,1482752,1482752,1482752,1581068,1581068,1482752,1482752,1482752,1482752,1581068,1581068,1581068,1581068,1581068,1482752,1581068,1482752,1482752,1482752,1482752,1482752,1581068,1482752,1581068,1581068,1581068,1482752,1482752,1482752,1482752,1482752,1482752,1482752,1482752,1482752,1482752
1482752,1482752,1482752,1482752,1572875,1482752,1482752,1482752,1482752,1482752,1482752,1482752,1482752,1482752,1482752,1482752,1482752,1482752,1482752,1482752,1482752,1482752,1482752,1482752,1482752,1482752,1482752,2883755,2883755,2883755,2883755,2883755,2883755,2883755,2883755,2883755,2883755,2883755,2883755,2883755,2883755,2883755,2883755,2883755,2883755,2883755,2883755,2883755,2883755,2883755,1482752,1482752,1482752,1482752,1482752,1482752,1482752,1482752,1482752,1482752,1482752,1482752,1482752,1482752,1482752,1482752,1482752,1482752,1482752,2875562,2875562,2875562,2875562,2875562,1900595,2875562,2875562,2875562,1908788,2875562,1859630,1859630,2875562,2875562,2875562,2875562,1482752,1482752,1482752,1482752,1482752,1482752,1482752,1482752,1482752,1482752,1482752,1482752,1482752,1482752,1482752,1482752,1482752,1482752,1482752,1482752,1482752,1482752,1482752,1482752,1482752,1482752,1482752,1482752,1482752,1482752,1482752,1581068,1581068,1581068,1581068,1482752,1482752,1482752,1581068,1581068,1581068,1581068,1482752,1581068,1581068,1482752,1482752,1581068,1482752,1581068,1581068,1581068,1581068,1581068,1581068,1482752,1581068,1581068,1482752,1482752,1482752,1482752,1482752,1482752
1482752,1572875,1482752,1482752,1482752,1482752,1482752,1482752,1482752,1482752,1482752,1482752,1482752,1523717,1482752,1482752,1482752,1482752,1482752,1482752,1482752,1482752,1482752,1482752,1482752,1482752,1482752,2883755,2883755,2883755,2883755,2883755,2883755,2883755,2883755,2883755,2883755,2883755,2883755,2883755,2883755,2883755,2883755,2883755,2883755,2883755,2883755,2883755,2883755,1482752,1482752,1482752,1482752,1482752,1482752,1482752,1482752,1482752,1482752,1482752,1482752,1482752,1482752,1482752,1482752,1482752,1482752,1482752,1482752,1482752,2875562,2875562,2875562,2875562,2875562,2875562,2875562,2875562,2875562,2875562,1859630,1859630,2875562,2875562,2875562,1482752,1482752,1482752,1482752,1482752,1482752,1482752,1482752,2875562,1482752,1482752,1482752,1482752,1482752,1482752,1482752,1482752,1482752,1482752,1482752,1482752,1482752,1482752,1482752,1482752,1482752,1482752,1482752,1482752,1482752,1482752,1482752,1482752,1581068,1581068,1581068,1581068,1482752,1482752,1482752,1482752,1482752,1482752,1482752,1581068,1482752,1581068,1482752,1482752,1482752,1482752,1482752,1482752,1581068,1581068,1581068,1581068,1482752,1482752,1482752,1572875,1482752,1482752,1482752,1482752
1482752,1482752,1482752,1482752,1482752,1482752,1482752,1482752,1482752,1482752,1482752,1482752,1482752,1482752,1482752,1482752,1482752,1482752,1482752,1482752,1482752,1482752,1482752,1482752,1482752,1482752,1482752,2883755,2883755,2883755,2883755,2883755,2883755,2883755,2883755,2883755,2883755,2883755,2883755,2883755,2883755,2883755,2883755,2883755,2883755,2883755,2883755,2883755,1482752,1482752,1482752,1482752,1482752,1482752,1482752,1482752,1482752,1482752,1482752,1482752,1482752,1482752,1482752,1482752,1482752,1482752,1482752,1482752,1482752,1482752,1482752,2875562,2875562,2875562,2875562,2875562,2875562,2875562,1761314,2875562,2875562,2875562,2875562,2875562,1482752,1482752,1482752,1482752,1482752,1482752,1482752,1482752,1482752,1482752,1482752,1482752,1482752,1482752,1482752,1482752,1482752,1482752,1482752,1482752,1482752,1482752,1482752,1482752,1482752,1482752,1482752,1482752,1482752,1482752,1482752,1482752,1482752,1482752,1482752,1581068,1581068,1581068,1482752,1482752,1482752,1482752,1482752,1482752,1482752,1482752,1482752,1482752,1482752,1482752,1581068,1482752,1581068,1482752,1581068,1581068,1482752,1581068,1581068,1482752,1482752,1482752,1482752,1572875,1482752,1482752
1482752,1482752,1482752,1482752,1482752,1482752,1482752,1482752,1482752,1482752,1482752,1482752,1482752,1482752,1482752,1482752,1482752,1482752,1482752,1482752,1482752,1482752,1482752,1482752,1482752,1482752,1482752,1482752,2883755,2883755,2883755,2883755,2883755,2883755,2883755,2883755,2883755,2883755,2883755,2883755,2883755,2883755,2883755,2883755,2883755,2883755,2883755,2883755,1482752,1482752,1482752,1482752,1482752,1482752,1482752,1482752,1482752,1482752,1482752,1482752,1482752,1482752,1482752,1482752,1482752,1482752,1482752,1482752,1482752,1482752,1482752,2875562,2875562,2875562,2875562,2875562,2875562,2875562,1761314,2875562,2875562,2875562,2875562,2875562,1482752,2875562,1482752,1482752,1482752,1482752,1482752,1482752,1482752,1482752,1482752,1482752,1482752,1482752,1482752,1482752,1482752,1482752,1482752,1482752,1482752,1482752,1482752,1482752,1482752,1482752,1482752,1482752,1482752,1482752,1482752,1482752,1482752,1482752,1482752,1482752,1482752,1482752,1482752,1581068,1581068,1581068,1581068,1482752,1482752,1482752,1581068,1482752,1581068,1482752,1482752,1482752,1482752,1482752,1482752,1482752,1482752,1482752,1482752,1482752,1482752,1482752,1482752,1482752,1482752,1482752
1482752,1482752,1482752,1482752,1482752,1482752,1482752,1482752,1482752,1482752,1482752,1482752,1482752,1482752,1482752,1482752,1482752,1482752,1482752,1482752,1482752,1482752,1482752,1482752,1482752,1482752,1482752,1482752,2883755,2883755,2883755,2883755,2883755,2883755,2883755,2883755,2883755,2883755,2883755,2883755,2883755,2883755,2883755,2883755,2883755,2883755,2883755,2883755,1482752,1482752,1482752,1482752,1482752,1482752,1482752,1482752,1482752,1482752,1482752,1482752,1482752,1482752,1482752,1482752,1482752,1482752,1482752,1482752,1482752,1482752,1482752,2875562,2875562,2875562,2875562,2875562,2875562,2875562,1761314,2875562,1769507,2875562,2875562,2875562,1482752,1482752,1482752,1482752,1482752,1482752,1482752,1482752,1482752,1482752,1482752,1482752,1482752,1482752,1482752,1482752,1482752,1482752,1482752,1482752,1482752,1482752,1482752,1482752,1482752,1482752,1482752,1482752,1482752,1482752,1482752,1482752,1482752,1482752,1482752,1482752,1482752,1482752,1581068,1581068,1581068,1581068,1581068,1581068,1581068,1482752,1482752,1581068,1482752,1482752,1482752,1482752,1482752,1482752,1482752,1572875,1482752,1482752,1482752,1482752,1482752,1482752,1482752,1482752,1482752,1482752
1482752,1482752,1482752,1482752,1572875,1482752,1482752,1482752,1482752,1482752,1482752,1482752,1482752,1482752,1482752,1482752,1482752,1482752,1482752,1482752,1482752,1482752,1482752,1482752,1482752,1482752,1482752,1482752,1482752,2883755,2883755,2883755,2883755,2883755,2883755,2883755,2883755,2883755,2883755,2883755,2883755,2883755,2883755,2883755,2883755,2883755,2883755,2883755,1482752,1482752,1482752,1482752,1482752,1482752,1482752,1482752,1482752,1482752,1482752,1482752,1482752,1482752,1482752,1482752,1482752,1482752,1482752,1482752,1482752,1482752,1482752,2875562,2875562,2875562,2875562,2875562,2875562,1744928,2875562,2875562,2875562,2875562,2875562,2875562,2875562,1482752,1482752,1482752,1482752,1482752,1482752,1482752,1482752,1482752,1482752,1482752,1482752,1482752,1482752,1482752,1482752,1482752,1482752,1482752,1482752,1482752,1482752,1482752,1482752,1482752,1482752,1482752,1482752,1482752,1482752,1482752,1482752,1482752,1482752,1482752,1482752,1482752,1482752,1482752,1482752,1482752,1482752,1482752,1482752,1482752,1482752,1482752,1482752,1482752,1482752,1572875,1572875,1482752,1482752,1572875,1482752,1482752,1482752,1482752,1482752,1482752,1482752,1482752,1572875,1482752
1482752,1572875,1482752,1482752,1482752,1482752,1482752,1482752,1482752,1482752,1523717,1482752,1482752,1482752,1482752,1482752,1482752,1482752,1482752,1482752,1482752,1482752,1482752,1482752,1482752,1482752,1482752,1482752,1482752,1482752,2883755,2883755,2883755,1712156,2883755,2883755,2883755,2883755,2883755,2883755,2883755,2883755,2883755,2883755,2883755,2883755,2883755,2883755,1482752,1482752,1482752,1482752,1482752,1482752,1482752,1482752,1482752,1482752,1482752,1482752,2875562,1482752,1482752,1482752,1482752,1482752,1482752,1482752,1482752,1482752,1482752,2875562,2875562,2875562,2875562,2875562,2875562,2875562,1728542,2875562,2875562,1662998,2875562,2875562,2875562,1482752,1482752,1482752,1482752,1482752,1482752,1482752,1482752,1482752,1482752,1482752,1482752,1482752,1482752,1482752,1482752,1482752,1482752,1482752,1482752,1482752,1482752,1482752,1482752,1482752,1482752,1482752,1482752,1482752,1482752,1482752,1482752,1482752,1482752,1482752,1482752,1482752,1482752,1482752,1482752,1482752,1482752,1482752,1482752,1482752,1482752,1482752,1572875,1482752,1572875,1572875,1572875,1482752,1482752,1572875,1572875,1482752,1482752,1482752,1482752,1482752,1482752,1482752,1482752,1482752
1482752,1482752,1482752,1482752,1482752,1572875,1482752,1482752,1482752,1482752,1482752,1482752,2883755,1482752,1482752,1482752,1482752,1482752,1482752,1482752,1482752,1482752,1482752,1482752,1482752,1482752,1482752,1482752,1482752,1482752,1482752,1482752,2883755,2883755,2883755,2883755,2883755,2883755,2883755,2883755,2883755,2883755,2883755,2883755,2883755,2883755,2883755,1482752,1482752,1482752,1482752,1482752,1482752,1482752,1482752,1482752,1482752,1482752,1482752,1482752,1482752,1482752,1482752,1482752,1482752,1482752,1482752,1482752,1482752,1482752,2875562,2875562,2875562,2875562,2875562,2875562,2875562,2875562,2875562,2875562,2875562,1662998,2875562,2875562,2875562,1482752,1482752,1482752,1482752,1482752,2875562,1482752,1482752,1482752,1482752,1482752,1482752,1482752,1482752,1482752,1482752,1482752,1482752,1482752,1482752,1482752,1482752,1482752,1482752,1482752,1482752,1482752,1482752,1482752,1482752,1482752,1482752,1482752,1482752,1482752,1482752,1482752,1482752,1482752,1482752,1482752,1482752,1482752,1482752,1482752,1482752,1572875,1572875,1572875,1572875,1572875,1572875,1572875,1482752,1572875,1572875,1482752,1482752,1482752,1482752,1482752,1482752,1572875,1482752,1482752
1482752,1482752,1482752,1572875,1482752,1482752,1482752,1482752,1482752,1482752,1482752,1482752,1482752,1482752,1482752,1482752,1482752,1482752,1482752,1482752,1482752,1482752,1482752,1482752,1482752,1482752,1482752,1482752,1482752,1482752,1482752,1482752,1482752,2883755,2883755,2883755,2883755,2883755,2883755,2883755,2883755,2883755,2883755,2883755,2883755,1482752,1482752,1482752,1482752,1482752,1482752,1482752,1482752,1482752,1482752,1482752,1482752,1482752,1482752,1482752,1482752,1482752,1482752,1482752,1482752,1482752,1482752,1482752,1482752,1482752,2875562,2875562,2875562,2875562,2875562,2875562,2875562,2875562,2875562,2875562,2875562,1662998,2875562,2875562,2875562,1482752,1482752,1482752,1482752,2875562,2875562,1482752,1482752,1482752,1482752,1482752,1482752,1482752,1482752,1482752,1482752,1482752,1482752,1482752,1482752,1482752,1482752,1482752,1482752,1482752,1482752,1482752,1482752,1482752,1482752,1482752,1482752,1482752,1482752,1482752,1482752,1482752,1482752,1482752,1482752,1482752,1482752,1482752,1482752,1482752,1572875,1572875,1572875,1572875,1572875,1572875,1572875,1572875,1572875,1572875,1572875,1572875,1482752,1482752,1482752,1482752,1482752,1482752,1572875,1482752
1482752,1482752,1482752,1482752,1482752,1482752,1482752,1482752,1482752,1572875,1482752,1482752,1482752,1482752,1482752,1482752,2883755,1482752,1482752,1482752,1482752,1482752,1482752,1482752,1482752,1482752,1482752,1482752,1482752,1482752,1482752,1482752,1482752,2883755,2883755,2883755,2883755,2883755,2883755,2883755,2883755,2883755,2883755,2883755,1482752,1482752,1482752,1482752,1482752,1482752,1482752,1482752,1482752,1482752,1482752,1482752,1482752,1482752,1482752,1482752,1482752,1482752,1482752,1482752,1482752,1482752,1482752,1482752,1482752,1482752,2875562,2875562,2875562,2875562,2875562,2875562,2875562,2875562,2875562,2875562,2875562,2875562,2875562,2875562,2875562,1482752,1482752,1482752,2875562,2875562,2875562,1482752,1482752,1482752,1482752,1482752,2875562,1482752,1482752,1482752,1482752,1482752,1482752,1482752,1482752,1482752,1482752,1482752,1482752,1482752,1482752,1482752,1482752,1482752,1482752,1482752,1482752,1482752,1482752,1482752,1482752,1482752,1482752,1482752,1482752,1482752,1482752,1482752,1572875,1572875,1572875,1572875,1572875,1572875,1572875,1572875,1572875,1572875,1572875,1572875,1572875,1572875,1572875,1482752,1482752,1482752,1482752,1482752,1482752,1482752
1482752,1482752,1482752,1482752,1482752,1482752,1482752,1482752,1482752,1482752,1482752,1482752,1482752,1482752,1482752,1482752,1482752,1482752,1482752,1482752,2883755,1482752,1482752,1482752,1482752,1482752,1482752,1482752,1482752,1482752,1482752,1482752,1482752,2883755,2883755,2883755,2883755,2883755,2883755,2883755,2883755,2883755,2883755,2883755,1482752,1482752,1482752,1482752,1482752,1482752,1482752,1482752,1482752,1482752,1482752,1482752,1482752,1482752,1482752,1482752,1482752,1482752,1482752,1482752,1482752,1482752,1482752,1482752,1482752,1482752,2875562,2875562,2875562,2875562,2875562,2875562,2875562,2875562,2875562,2875562,2875562,2875562,2875562,1482752,1482752,1482752,1482752,1482752,2875562,2875562,2875562,1482752,1482752,1482752,2875562,1482752,1482752,1482752,1482752,1482752,1482752,1482752,1482752,1482752,1482752,1482752,1482752,1482752,1482752,1482752,1482752,1482752,1482752,1482752,1482752,1482752,1482752,1482752,1482752,1482752,1482752,1482752,1482752,1482752,1482752,1482752,1572875,1572875,1572875,1572875,1572875,1572875,1572875,1572875,1572875,1572875,1572875,1572875,1572875,1572875,1572875,1572875,1572875,1572875,1482752,1482752,1482752,1482752,1482752,1482752
1482752,1482752,1482752,1482752,1482752,1482752,1482752,1482752,1482752,1482752,1482752,1482752,1482752,1482752,1482752,1482752,1482752,1482752,1482752,1482752,1482752,1482752,1482752,1482752,1482752,1482752,1482752,1482752,1482752,1482752,1482752,1482752,1482752,2883755,2883755,2883755,2883755,2883755,2883755,2883755,2883755,2883755,2883755,1482752,1482752,1482752,1482752,1482752,1482752,1482752,1482752,1482752,1482752,1482752,1482752,1482752,1482752,1482752,1482752,1482752,1482752,1482752,1482752,1482752,1482752,1482752,1482752,1482752,1482752,1482752,1482752,2875562,2875562,2875562,2875562,2875562,2875562,2875562,2875562,2875562,2875562,2875562,1482752,1482752,1482752,1482752,1482752,2875562,2875562,2875562,1482752,1482752,1482752,1482752,1482752,1482752,1482752,1482752,1482752,1482752,1482752,1482752,1482752,1482752,1482752,1482752,1482752,1482752,1482752,1482752,1482752,1482752,1482752,1482752,1482752,1482752,1482752,1482752,1482752,1482752,1482752,1482752,1482752,1482752,1482752,1482752,1572875,1572875,1572875,1572875,1572875,1572875,1572875,1572875,1572875,1572875,1572875,1572875,1572875,1572875,1572875,1572875,1572875,1572875,1482752,1482752,1482752,1482752,1482752,1482752
1482752,1482752,1482752,1482752,1482752,1482752,1482752,1482752,1482752,1482752,1482752,1482752,1482752,1482752,1482752,1482752,1482752,1482752,1482752,1482752,1482752,1482752,1482752,1482752,1482752,1482752,1482752,1482752,1482752,1482752,1482752,1482752,1482752,2883755,2883755,2883755,1605647,2883755,2883755,2883755,2883755,2883755,2883755,1482752,1482752,1482752,1482752,1482752,1482752,1482752,1482752,1482752,1482752,1482752,1482752,1482752,1482752,1482752,1482752,1482752,1482752,1482752,1482752,1482752,1482752,1482752,1482752,1482752,1482752,1482752,1482752,2875562,2875562,2875562,2875562,2875562,2875562,2875562,2875562,2875562,2875562,2875562,1482752,1482752,1482752,1482752,1482752,2875562,2875562,2875562,1482752,1482752,1482752,1482752,1482752,1482752,1482752,1482752,1482752,1482752,1482752,1482752,1482752,1482752,1482752,1482752,1482752,1482752,1482752,1482752,1482752,1482752,1482752,1482752,1482752,1482752,1482752,1482752,1482752,1482752,1482752,1482752,1482752,1482752,1482752,1482752,1572875,1572875,1572875,1572875,1572875,1572875,1572875,1572875,1572875,1572875,1572875,1572875,1572875,1572875,1572875,1572875,1572875,1572875,1482752,1482752,1482752,1482752,1482752,1482752
1482752,1482752,1482752,1482752,1482752,1482752,1482752,1482752,1482752,1482752,1482752,1482752,1482752,1482752,1482752,1482752,1482752,1482752,1482752,1482752,1482752,1482752,1482752,1482752,1482752,1482752,1482752,1482752,1482752,1482752,1482752,1482752,1482752,2883755,2883755,2883755,2883755,2883755,2883755,2883755,2883755,2883755,1482752,1482752,1482752,1482752,1482752,1482752,1482752,1482752,1482752,1482752,1482752,1482752,1482752,1482752,1482752,1482752,1482752,1482752,1482752,1482752,1482752,1482752,1482752,1482752,1482752,1482752,1482752,1482752,1482752,2875562,2875562,2875562,2875562,2875562,2875562,2875562,2875562,2875562,2875562,2875562,1482752,1482752,1482752,1482752,1482752,1482752,2875562,1482752,1482752,1482752,1482752,1482752,1482752,1482752,1482752,1482752,1482752,1482752,1482752,1482752,1482752,1482752,1482752,1482752,1482752,1482752,1482752,1482752,1482752,1482752,1482752,1482752,1482752,1482752,1482752,1482752,1482752,1482752,1482752,1482752,1482752,1482752,1482752,1482752,1572875,1572875,1572875,1572875,1572875,1572875,1572875,1572875,1572875,1572875,1597454,1572875,1572875,1572875,1572875,1572875,1572875,1572875,1482752,1482752,1482752,1482752,1482752,1482752
1482752,1482752,1482752,1482752,1482752,1482752,1482752,1482752,1482752,1482752,1482752,1482752,1482752,1482752,1482752,1482752,1482752,1482752,1482752,1482752,1482752,1482752,1482752,1482752,1482752,1482752,1482752,1482752,1482752,1482752,1482752,1482752,1482752,2883755,2883755,2883755,2883755,2883755,2883755,2883755,2883755,1482752,1482752,1482752,1482752,1482752,1482752,1482752,1482752,1482752,1482752,1482752,1482752,1482752,1482752,1482752,1482752,1482752,1482752,1482752,1482752,1482752,1482752,1482752,1482752,1482752,1482752,1482752,1482752,1482752,1482752,2875562,2875562,2875562,2875562,2875562,2875562,2875562,2875562,2875562,2875562,1482752,1482752,1482752,1482752,1482752,1482752,1482752,1482752,1482752,1482752,1482752,1482752,1482752,1482752,1482752,1482752,1482752,1482752,1482752,1482752,1482752,1482752,1482752,1482752,1482752,1482752,1482752,1482752,1482752,1482752,1482752,1482752,1482752,1482752,1482752,1482752,1482752,1482752,1482752,1482752,1482752,1482752,1482752,1482752,1482752,1572875,1572875,1572875,1572875,1572875,1572875,1572875,1572875,1572875,1572875,1572875,1572875,1572875,1572875,1572875,1572875,1572875,1572875,1482752,1482752,1482752,1482752,1482752,1482752
1482752,1482752,1482752,1482752,1482752,1482752,1482752,1482752,1482752,1482752,1482752,1482752,1482752,1482752,1482752,1482752,1482752,1482752,1482752,1482752,1482752,1482752,1482752,1482752,1482752,1482752,1482752,1482752,1482752,1482752,1482752,1482752,1482752,2883755,2883755,2883755,2883755,2883755,2883755,1482752,1482752,1482752,1482752,1482752,1482752,1482752,1482752,1482752,1482752,1482752,1482752,1482752,1482752,1482752,1482752,1482752,1482752,1482752,1482752,1482752,1482752,1482752,1482752,1482752,1482752,1482752,1482752,1482752,1482752,1482752,1482752,1482752,2875562,2875562,2875562,2875562,2875562,2875562,2875562,2875562,1482752,1482752,1482752,1482752,1482752,1482752,1482752,1482752,1482752,1482752,1482752,1482752,1482752,1482752,1482752,1482752,1482752,1482752,1482752,1482752,1482752,1482752,1482752,1482752,1482752,1482752,1482752,1482752,1482752,1482752,1482752,1482752,1482752,1482752,1482752,1482752,1482752,1482752,1482752,1482752,1482752,1482752,1482752,1482752,1482752,1482752,1482752,1572875,1572875,1572875,1572875,1572875,1572875,1572875,1572875,1572875,1572875,1572875,1572875,1572875,1572875,1572875,1572875,1572875,1482752,1482752,1482752,1482752,1482752,1482752
1572875,1482752,1482752,1482752,1482752,1482752,1482752,1482752,1482752,1482752,1482752,1482752,1482752,1482752,1482752,1482752,1482752,1482752,1482752,1482752,1482752,1482752,1482752,1482752,1482752,1482752,1482752,1482752,1482752,1482752,1482752,1482752,1482752,2883755,2883755,2883755,2883755,2883755,2883755,2883755,1482752,1482752,1482752,1482752,1482752,1482752,1482752,1482752,1482752,1482752,1482752,1482752,1482752,1482752,1482752,1482752,1482752,1482752,1482752,1482752,1482752,1482752,1482752,1482752,1482752,1482752,1482752,1482752,1482752,1482752,1482752,1482752,1482752,2875562,2875562,2875562,2875562,2875562,2875562,2875562,1482752,1482752,1482752,1482752,1482752,1482752,1482752,1482752,1482752,1482752,1482752,1482752,1482752,1482752,1482752,1482752,1482752,1482752,1482752,1482752,1482752,1482752,1482752,1482752,1482752,1482752,1482752,1482752,1482752,1482752,1482752,1482752,1482752,1482752,1482752,1482752,1482752,1482752,1482752,1482752,1482752,1482752,1482752,1482752,1482752,1482752,1572875,1572875,1572875,1572875,1482752,1482752,1482752,1482752,1572875,1572875,1572875,1572875,1572875,1572875,1572875,1572875,1572875,1482752,1482752,1482752,1482752,1482752,1482752,1482752
1482752,1572875,1482752,1482752,1482752,1482752,1482752,1482752,1482752,1482752,1482752,1482752,1482752,1482752,1482752,1482752,1482752,1482752,1482752,1482752,1482752,1482752,1482752,1482752,1482752,1482752,1482752,1482752,1482752,1482752,1482752,1482752,2883755,2883755,2883755,2883755,2883755,2883755,2883755,2883755,1482752,1482752,1482752,1482752,1482752,1482752,1482752,1482752,1482752,1482752,1482752,1482752,1482752,1482752,1482752,1482752,1482752,1482752,1482752,1482752,1482752,1482752,1482752,1482752,1482752,1482752,1482752,1482752,1482752,1482752,1482752,1482752,2875562,2875562,2875562,2875562,2875562,2875562,2875562,1482752,1482752,1482752,1482752,1482752,1482752,1482752,1482752,1482752,1482752,1482752,1482752,1482752,1482752,1482752,1482752,1482752,1482752,1482752,1482752,1482752,1482752,1482752,1482752,1482752,1482752,1482752,1482752,1482752,1482752,1482752,1482752,1482752,1482752,1482752,1482752,1482752,1482752,1482752,1482752,1482752,1482752,1482752,1482752,1482752,1482752,1482752,1482752,1482752,1482752,1482752,1482752,1482752,1482752,1482752,1482752,1572875,1482752,1572875,1572875,1572875,1572875,1572875,1572875,1482752,1482752,1482752,1482752,1482752,1482752,1482752
1482752,1572875,1572875,1482752,1482752,1482752,1482752,1482752,1482752,1482752,1482752,1482752,1482752,1482752,1482752,1482752,1482752,1482752,1482752,1482752,1482752,1482752,1482752,1482752,1482752,1482752,1482752,1482752,1482752,1482752,1482752,1482752,2883755,2883755,2883755,2883755,2883755,2883755,1482752,1482752,1482752,1482752,1482752,1482752,1482752,1482752,1482752,1482752,1482752,1482752,1482752,1482752,1482752,1482752,1482752,1482752,1482752,1482752,1482752,1482752,1482752,1482752,1482752,1482752,1482752,1482752,1482752,1482752,1482752,1482752,1482752,1482752,1482752,1482752,1482752,1482752,1482752,1482752,1482752,1482752,1482752,1482752,1482752,1482752,1482752,1482752,1482752,1482752,1482752,1482752,1482752,1482752,1482752,1482752,1482752,1482752,1482752,1482752,1482752,1482752,1482752,1482752,1482752,1482752,1482752,1482752,1482752,1482752,1482752,1482752,1482752,1482752,1482752,1482752,1482752,1482752,1482752,1482752,1482752,1482752,1482752,1482752,1482752,1482752,1482752,1482752,1482752,1482752,1482752,1482752,1482752,1482752,1482752,1482752,1482752,1482752,1482752,1572875,1572875,1572875,1572875,1572875,1572875,1482752,1482752,1482752,1482752,1482752,1482752,1482752
1572875,1572875,1482752,1482752,1482752,1482752,1482752,1482752,1482752,1482752,1482752,1482752,1482752,1482752,1482752,1482752,1482752,1482752,1482752,1482752,1482752,1482752,1482752,1482752,1482752,1482752,1482752,1482752,1482752,1482752,1482752,1482752,2883755,2883755,2883755,2883755,2883755,1482752,1482752,1482752,1482752,1482752,1482752,1482752,1482752,1482752,1482752,1482752,1482752,1482752,1482752,1482752,1482752,1482752,1482752,1482752,1482752,1482752,1482752,1482752,1482752,1482752,1482752,1482752,1482752,1482752,1482752,1482752,1482752,1482752,1482752,1482752,1482752,1482752,1482752,1482752,1482752,1482752,1482752,1482752,1482752,1482752,1482752,1482752,1482752,1482752,1482752,1482752,1482752,1482752,1482752,1482752,1482752,1482752,1482752,1482752,1482752,1482752,1482752,1482752,1482752,1482752,1482752,1482752,1482752,1482752,1482752,1482752,1482752,1482752,1482752,1482752,1482752,1482752,1482752,1482752,1482752,1482752,1482752,1482752,1482752,1482752,1482752,1482752,1482752,1482752,1482752,1482752,1482752,1482752,1482752,1482752,1482752,1482752,1482752,1482752,1482752,1482752,1572875,1572875,1572875,1572875,1482752,1482752,1482752,1482752,1482752,1482752,1482752,1482752
1482752,1572875,1482752,1482752,1482752,1482752,1482752,1482752,1482752,1482752,1482752,1482752,1482752,1482752,1482752,1482752,1482752,1482752,1482752,1482752,1482752,1482752,1482752,1482752,1482752,1482752,1482752,1482752,1482752,1482752,1482752,1482752,1482752,2883755,2883755,2883755,2883755,1482752,1482752,1482752,1482752,1482752,1482752,1482752,1482752,1482752,1482752,1482752,1482752,1482752,1482752,1482752,1482752,1482752,1482752,1482752,1482752,1482752,1482752,1482752,1482752,1482752,1482752,1482752,1482752,1482752,1482752,1482752,1482752,1482752,1482752,1482752,1482752,1482752,1482752,1482752,1482752,1482752,1482752,1482752,1482752,1482752,1482752,1482752,1482752,1482752,1482752,1482752,1482752,1482752,1482752,1482752,1482752,1482752,1482752,1482752,1482752,1482752,1482752,1482752,1482752,1482752,1482752,1482752,1482752,1482752,1482752,1482752,1482752,1482752,1482752,1482752,1482752,1482752,1482752,1482752,1482752,1482752,1482752,1482752,1482752,1482752,1482752,1482752,1482752,1482752,1482752,1482752,1482752,1482752,1482752,1482752,1482752,1482752,1482752,1482752,1482752,1482752,1482752,1482752,1482752,1482752,1482752,1482752,1482752,1482752,1482752,1482752,1482752,1482752
1572875,1482752,1482752,1482752,1482752,1482752,1482752,1482752,1482752,1482752,1482752,1482752,1482752,1482752,1482752,1482752,1482752,1482752,1482752,1482752,1482752,1482752,1482752,1482752,1482752,1482752,1482752,1482752,1482752,1482752,1482752,1482752,1482752,2883755,2883755,2883755,1482752,1482752,1482752,1482752,1482752,1482752,1482752,1482752,1482752,1482752,1482752,1482752,1482752,1482752,1482752,1482752,1482752,1482752,1482752,1482752,1482752,1482752,1482752,1482752,1482752,1482752,1482752,1482752,1482752,1482752,1482752,1482752,1482752,1482752,1482752,1482752,1482752,1482752,1482752,1482752,1482752,1482752,1482752,1482752,1482752,1482752,1482752,1482752,1482752,1482752,1482752,1482752,1482752,1482752,1482752,1482752,1482752,1482752,1482752,1482752,1482752,1482752,1482752,1482752,2875562,1482752,1482752,1482752,1482752,1482752,1482752,1482752,1482752,1482752,1482752,1482752,1482752,1482752,1482752,1482752,1482752,1482752,1482752,1482752,1482752,1482752,1482752,1482752,1482752,1482752,1482752,1482752,1482752,1482752,1482752,1482752,1482752,1482752,1482752,1482752,1482752,1482752,1482752,1482752,1581068,1581068,1482752,1482752,1482752,1482752,1482752,1482752,1482752,1572875
1572875,1482752,1482752,1482752,1482752,1482752,1482752,1482752,1482752,1482752,1482752,1482752,1482752,1482752,1482752,1482752,1482752,1482752,1482752,1482752,1482752,1482752,1482752,1482752,1482752,1482752,1482752,1482752,1482752,1482752,1482752,1482752,1482752,1482752,2883755,2883755,2883755,1482752,1482752,1482752,1482752,1482752,1482752,1482752,1482752,1482752,1482752,1482752,1482752,1482752,1482752,1482752,1482752,1482752,1482752,1482752,1482752,1482752,1482752,1482752,1482752,1482752,1482752,1482752,1482752,1482752,1482752,1482752,1482752,1482752,1482752,1482752,1482752,1482752,1482752,1482752,1482752,1482752,1482752,1482752,1482752,1482752,1482752,1482752,1482752,1482752,1482752,1482752,1482752,1482752,1482752,1482752,1482752,1482752,1482752,1482752,1482752,1482752,1482752,1482752,1482752,1482752,1482752,1482752,1482752,1482752,1482752,1482752,1482752,1482752,1482752,1482752,1482752,1482752,1482752,1482752,1482752,1482752,1482752,1482752,1482752,1482752,1482752,1482752,1482752,1482752,1482752,1482752,1482752,1482752,1482752,1482752,1482752,1482752,1482752,1482752,1482752,1482752,1482752,1482752,1482752,1581068,1482752,1482752,1482752,1482752,1482752,1482752,1482752,1572875
1482752,1482752,1482752,1482752,1482752,1482752,1482752,1482752,1482752,1482752,1482752,1482752,1482752,1482752,1482752,1482752,1482752,1482752,1482752,1482752,1482752,1482752,1482752,1482752,1482752,1482752,1482752,1482752,1482752,1482752,1482752,1482752,1482752,2883755,2883755,2883755,1482752,1482752,1482752,2883755,1482752,1482752,1482752,1482752,1482752,1482752,1482752,1482752,1482752,1482752,1482752,1482752,1482752,1482752,1482752,1482752,1482752,1482752,1482752,1482752,1482752,1482752,1482752,1482752,1482752,1482752,1482752,1482752,1482752,1482752,1482752,1482752,1482752,1482752,1482752,1482752,1482752,1482752,1482752,1482752,1482752,1482752,1482752,1482752,1482752,1482752,1482752,1482752,1482752,1482752,1482752,1482752,1482752,1482752,1482752,1482752,1482752,1482752,1482752,1482752,1482752,1482752,1482752,1482752,1482752,1482752,1482752,1482752,1482752,1482752,1482752,1482752,1482752,1482752,1482752,1482752,1482752,1482752,1482752,1482752,1482752,1482752,1482752,1482752,1482752,1482752,1482752,1482752,1482752,1482752,1482752,1482752,1482752,1482752,1482752,1482752,1482752,1482752,1482752,1482752,1482752,1482752,1482752,1482752,1482752,1482752,1482752,1482752,1572875,1572875
1482752,1482752,1482752,1482752,1482752,1482752,1482752,1482752,1482752,1482752,1482752,1482752,1482752,1482752,1482752,1482752,1482752,1482752,1482752,1482752,1482752,1482752,1482752,1482752,1482752,1482752,1482752,1482752,1482752,1482752,1482752,1482752,1482752,1482752,2883755,2883755,1482752,1482752,1482752,1482752,1482752,1482752,1482752,1482752,1482752,1482752,1482752,1482752,1482752,1482752,1482752,1482752,1482752,1482752,1482752,1482752,1482752,1482752,1482752,1482752,1482752,1482752,1482752,1482752,1482752,1482752,1482752,1482752,1482752,1482752,1482752,1482752,1482752,1482752,1482752,1482752,1482752,1482752,1482752,1482752,1482752,1482752,1482752,1482752,1482752,1482752,1482752,1482752,1482752,1482752,1482752,1482752,1482752,1482752,1482752,1482752,1482752,1482752,1482752,1482752,1482752,1482752,1482752,1482752,1482752,1482752,1482752,1482752,1482752,1482752,1482752,1482752,1482752,1482752,1482752,1482752,1482752,1482752,1482752,1482752,1482752,1482752,1482752,1482752,1482752,1482752,1482752,1482752,1482752,1482752,1482752,1482752,1482752,1482752,1482752,1482752,1482752,1482752,1482752,1482752,1482752,1482752,1482752,1482752,1482752,1482752,1482752,1482752,1572875,1572875
1482752,1482752,1482752,1482752,1482752,1482752,1482752,1482752,1482752,1482752,1482752,1482752,1482752,1482752,1482752,1482752,1482752,1482752,1482752,1482752,1482752,1482752,1482752,1482752,1482752,1482752,1482752,1482752,1482752,1482752,1482752,1482752,1482752,1482752,1482752,2883755,2883755,1482752,1482752,1482752,1482752,1482752,1482752,1482752,1482752,1482752,1482752,1482752,1482752,2883755,1482752,1482752,1482752,1482752,1482752,1482752,1482752,1482752,1482752,1482752,1482752,1482752,1482752,1482752,1482752,1482752,1482752,1482752,1482752,1482752,1482752,1482752,1482752,1482752,1482752,1482752,1482752,1482752,1482752,1482752,1482752,1482752,1482752,1482752,1482752,1482752,1482752,1482752,1482752,1482752,1482752,1482752,1482752,1482752,1482752,1482752,1482752,1482752,1482752,1482752,1482752,1482752,1482752,1482752,1482752,1482752,1482752,1482752,1482752,1482752,1482752,1482752,1482752,1482752,1482752,1482752,1482752,1482752,1482752,1482752,1482752,1482752,1482752,1482752,1482752,1482752,1482752,1482752,1482752,1482752,1482752,1482752,1482752,1482752,1482752,1482752,1482752,1482752,1482752,1482752,1482752,1482752,1482752,1482752,1482752,1482752,1482752,1482752,1482752,1482752
1482752,1482752,1482752,1482752,1482752,1482752,1482752,1482752,1482752,1482752,1482752,1482752,1482752,1482752,1482752,1482752,1482752,1482752,1482752,1482752,1482752,1482752,1482752,1482752,1482752,1482752,1482752,1482752,1482752,1482752,1482752,1482752,1482752,1482752,1482752,1482752,1482752,1482752,1482752,1482752,1482752,1482752,1482752,1482752,1482752,1482752,1482752,1482752,1482752,1482752,1482752,1482752,1482752,1482752,1482752,1482752,1482752,1482752,1482752,1482752,1482752,1482752,1482752,1482752,1482752,1482752,1482752,1482752,1482752,1482752,1482752,1482752,1482752,1482752,1482752,1482752,1482752,1482752,1482752,1482752,1482752,1482752,1482752,1482752,1482752,1482752,1482752,1482752,1482752,1482752,1482752,1482752,1482752,1482752,1482752,1482752,1482752,1482752,1482752,1482752,1482752,1482752,1482752,1482752,1482752,1482752,1482752,1482752,1482752,1482752,1482752,1482752,1482752,1482752,1482752,1482752,1482752,1482752,1482752,1482752,1482752,1482752,1482752,1482752,1482752,1482752,1482752,1482752,1482752,1482752,1482752,1482752,1482752,1482752,1482752,1482752,1482752,1482752,1482752,1482752,1482752,1482752,1482752,1482752,1482752,1482752,1482752,1482752,1482752,1482752
1482752,1482752,1482752,1482752,1482752,1482752,1482752,1482752,1482752,1482752,1482752,1482752,1482752,1482752,1482752,1482752,1482752,1482752,1482752,1482752,1482752,1482752,1482752,1482752,1482752,1482752,1482752,1482752,1482752,1482752,1482752,1482752,1482752,1482752,1482752,1482752,1482752,1482752,1482752,1482752,2883755,1482752,1482752,1482752,1482752,1482752,1482752,1482752,1482752,1482752,1482752,1482752,1482752,1482752,1482752,1482752,1482752,1482752,1482752,1482752,1482752,1482752,1482752,1482752,1482752,1482752,1482752,1482752,1482752,1482752,1482752,1482752,1482752,1482752,1482752,1482752,1482752,1482752,1482752,1482752,1482752,1482752,1482752,1482752,1482752,1482752,1482752,1482752,1482752,1482752,2875562,2875562,2875562,2875562,2875562,2875562,2875562,1482752,1482752,1482752,1482752,1482752,1482752,1482752,1482752,1482752,1482752,1482752,1482752,1482752,1482752,1482752,1482752,1482752,1482752,1482752,1482752,2875562,2875562,2875562,2875562,2875562,1482752,1482752,2875562,2875562,1482752,1482752,1482752,1482752,1482752,1482752,1482752,1482752,1482752,1482752,1482752,1482752,1482752,1482752,1482752,1482752,1482752,1482752,1482752,1482752,1482752,1482752,1482752,1482752
1482752,1482752,1482752,1482752,1482752,1482752,1482752,1482752,1482752,1482752,1482752,1482752,1482752,1482752,1482752,1482752,1482752,1482752,1482752,1482752,1482752,1482752,1482752,1482752,1482752,1482752,1482752,1482752,1482752,1482752,1482752,1482752,1482752,1482752,1482752,1482752,1482752,1482752,1482752,2883755,2883755,1482752,1482752,1482752,1482752,1482752,1482752,1482752,1482752,1482752,1482752,1482752,1482752,1482752,1482752,1482752,1482752,1482752,1482752,1482752,1482752,1482752,1482752,1482752,1482752,1482752,1482752,1482752,1482752,1482752,1482752,1482752,1482752,1482752,1482752,1482752,1482752,2875562,2875562,2875562,2875562,2875562,2875562,2875562,2875562,2875562,2875562,2875562,2875562,2875562,2875562,2875562,2875562,2875562,2875562,2875562,2875562,2875562,2875562,2875562,2875562,2875562,1482752,1482752,1482752,1482752,2875562,2875562,2875562,2875562,2875562,2875562,2875562,2875562,2875562,2875562,2875562,2875562,2875562,2875562,2875562,2875562,2875562,2875562,2875562,2875562,2875562,2875562,1482752,1581068,1581068,1581068,1581068,1482752,1482752,1482752,1482752,1482752,1482752,1482752,1482752,1482752,1482752,1482752,1482752,1482752,1482752,1482752,1482752,1482752
